user_id,book_title,rating
user_390,The Midnight Library,3
user_169,Ender's Game,4
user_158,The Girl with the Dragon Tattoo,5
user_180,A Game of Thrones,5
user_165,The Kite Runner,4
user_278,The Midnight Library,4
user_52,The Hound of the Baskervilles,3
user_289,Dune,5
user_131,Jane Eyre,4
user_240,The Midnight Library,3
user_270,The Night Circus,3
user_35,"Thinking, Fast and Slow",3
user_255,A Little Life,2
user_26,The Girl with the Dragon Tattoo,3
user_165,Wuthering Heights,3
user_292,To Kill a Mockingbird,4
user_302,The Fellowship of the Ring,5
user_386,"Guns, Germs, and Steel",3
user_297,The Midnight Library,4
user_373,The Girl with the Dragon Tattoo,4
user_320,Into Thin Air,4
user_69,A Game of Thrones,5
user_231,The Immortal Life of Henrietta Lacks,3
user_92,The Left Hand of Darkness,4
user_42,Dune,3
user_120,The Hobbit,4
user_194,Sapiens,4
user_12,"Thinking, Fast and Slow",4
user_335,The Silence of the Lambs,4
user_141,And Then There Were None,2
user_326,Never Let Me Go,5
user_164,Anna Karenina,4
user_327,A Game of Thrones,5
user_349,A Little Life,3
user_111,Never Let Me Go,5
user_273,Dune,5
user_2,The Silence of the Lambs,3
user_384,Wuthering Heights,4
user_316,To Kill a Mockingbird,4
user_367,The Hound of the Baskervilles,2
user_88,To Kill a Mockingbird,5
user_364,The Immortal Life of Henrietta Lacks,3
user_161,Wuthering Heights,4
user_263,The Kite Runner,3
user_188,The Da Vinci Code,4
user_170,The Silence of the Lambs,4
user_176,Beloved,4
user_45,Educated,4
user_258,Great Expectations,4
user_158,The Immortal Life of Henrietta Lacks,4
user_146,Dune,5
user_117,Gone Girl,2
user_55,Normal People,4
user_259,Jane Eyre,3
user_315,Educated,4
user_49,The Hound of the Baskervilles,4
user_152,Gone Girl,3
user_179,The Hound of the Baskervilles,4
user_221,The Hobbit,4
user_47,Anna Karenina,4
user_366,"Thinking, Fast and Slow",4
user_10,"Guns, Germs, and Steel",3
user_35,Ender's Game,4
user_17,The Da Vinci Code,3
user_202,War and Peace,4
user_11,Pride and Prejudice,4
user_291,A Game of Thrones,5
user_272,Mistborn,4
user_338,The Name of the Wind,3
user_8,Crime and Punishment,3
user_281,Foundation,3
user_114,The Silence of the Lambs,4
user_275,The Immortal Life of Henrietta Lacks,3
user_215,Sapiens,3
user_104,Moby-Dick,4
user_145,Rebecca,2
user_268,The Left Hand of Darkness,4
user_378,The Silence of the Lambs,3
user_387,The Left Hand of Darkness,4
user_193,Mistborn,3
user_38,The Road,3
user_369,Neuromancer,2
user_102,The Silence of the Lambs,4
user_155,The Midnight Library,2
user_59,The Road,3
user_391,A Brief History of Time,3
user_277,Great Expectations,2
user_53,Never Let Me Go,4
user_277,Normal People,3
user_352,Foundation,3
user_379,Educated,3
user_62,Educated,3
user_179,Sapiens,4
user_233,War and Peace,4
user_195,To Kill a Mockingbird,5
user_158,Sapiens,5
user_166,Normal People,3
user_252,Educated,4
user_336,Foundation,4
user_317,Normal People,4
user_84,"Thinking, Fast and Slow",3
user_392,And Then There Were None,2
user_369,Circe,5
user_302,The Silence of the Lambs,3
user_267,"Thinking, Fast and Slow",4
user_45,The Left Hand of Darkness,4
user_255,"Thinking, Fast and Slow",3
user_229,Dune,4
user_247,Moby-Dick,3
user_7,Where the Crawdads Sing,4
user_25,The Silence of the Lambs,3
user_347,"Guns, Germs, and Steel",4
user_194,The Silence of the Lambs,4
user_26,The Name of the Wind,2
user_150,Never Let Me Go,4
user_182,The Wright Brothers,3
user_342,Rebecca,4
user_18,The Fellowship of the Ring,3
user_15,Ender's Game,4
user_266,The Fellowship of the Ring,4
user_192,A Little Life,4
user_300,The Hound of the Baskervilles,4
user_25,Educated,3
user_226,And Then There Were None,2
user_165,Crime and Punishment,3
user_198,The Left Hand of Darkness,5
user_391,To Kill a Mockingbird,5
user_386,War and Peace,5
user_12,The Silence of the Lambs,4
user_317,The Girl with the Dragon Tattoo,4
user_378,A Game of Thrones,3
user_372,The Da Vinci Code,3
user_212,The Night Circus,2
user_236,A Little Life,3
user_183,Circe,3
user_163,Where the Crawdads Sing,4
user_383,The Kite Runner,3
user_16,Where the Crawdads Sing,2
user_38,To Kill a Mockingbird,5
user_87,The Great Gatsby,3
user_329,Educated,4
user_128,The Hound of the Baskervilles,4
user_156,The Great Gatsby,2
user_259,The Hobbit,5
user_222,A Game of Thrones,3
user_89,And Then There Were None,3
user_280,The Silence of the Lambs,4
user_366,Educated,3
user_100,Jane Eyre,5
user_171,Where the Crawdads Sing,3
user_187,"Guns, Germs, and Steel",3
user_288,Beloved,4
user_14,Sapiens,4
user_149,Moby-Dick,5
user_74,Circe,4
user_139,The Great Gatsby,4
user_57,Where the Crawdads Sing,4
user_39,The Fellowship of the Ring,4
user_85,Ender's Game,4
user_23,The Road,3
user_344,Circe,4
user_283,Gone Girl,3
user_27,The Wright Brothers,3
user_392,The Great Gatsby,2
user_350,Pride and Prejudice,3
user_235,Dune,3
user_262,The Immortal Life of Henrietta Lacks,4
user_211,Neuromancer,3
user_3,The Kite Runner,4
user_236,Where the Crawdads Sing,5
user_127,The Da Vinci Code,4
user_144,"Thinking, Fast and Slow",3
user_282,Gone Girl,3
user_167,The Kite Runner,4
user_317,"Thinking, Fast and Slow",3
user_360,The Girl with the Dragon Tattoo,5
user_174,A Brief History of Time,2
user_180,The Left Hand of Darkness,5
user_253,War and Peace,3
user_241,The Girl with the Dragon Tattoo,5
user_119,Wuthering Heights,3
user_281,Moby-Dick,4
user_63,Foundation,3
user_64,Jane Eyre,4
user_120,Mistborn,3
user_45,Gone Girl,4
user_225,Educated,3
user_289,The Night Circus,3
user_98,The Fellowship of the Ring,2
user_319,Mistborn,4
user_110,The Left Hand of Darkness,5
user_342,Neuromancer,4
user_108,Jane Eyre,3
user_361,The Hound of the Baskervilles,5
user_394,Mistborn,3
user_63,Never Let Me Go,3
user_139,The Silence of the Lambs,4
user_28,Wuthering Heights,3
user_251,The Name of the Wind,3
user_163,The Da Vinci Code,2
user_360,The Silence of the Lambs,4
user_300,The Name of the Wind,4
user_323,The Da Vinci Code,3
user_86,Where the Crawdads Sing,3
user_184,Never Let Me Go,5
user_299,The Great Gatsby,3
user_59,A Game of Thrones,4
user_122,The Girl with the Dragon Tattoo,5
user_307,War and Peace,3
user_320,Where the Crawdads Sing,5
user_281,The Road,3
user_135,The Hound of the Baskervilles,5
user_141,The Great Gatsby,3
user_324,The Great Gatsby,3
user_228,The Left Hand of Darkness,4
user_150,Sapiens,3
user_58,Gone Girl,4
user_382,Neuromancer,4
user_382,To Kill a Mockingbird,4
user_71,Never Let Me Go,4
user_376,Gone Girl,4
user_19,A Game of Thrones,4
user_231,Pride and Prejudice,3
user_223,The Name of the Wind,3
user_237,Crime and Punishment,3
user_194,Gone Girl,4
user_1,The Da Vinci Code,3
user_44,War and Peace,4
user_196,The Kite Runner,4
user_172,The Fellowship of the Ring,3
user_134,Pride and Prejudice,4
user_137,The Hound of the Baskervilles,3
user_83,Where the Crawdads Sing,3
user_385,The Hobbit,5
user_27,The Hobbit,4
user_67,A Little Life,4
user_332,The Midnight Library,4
user_382,"Guns, Germs, and Steel",3
user_298,Mistborn,4
user_95,Mistborn,4
user_290,To Kill a Mockingbird,3
user_91,The Immortal Life of Henrietta Lacks,3
user_295,The Left Hand of Darkness,5
user_94,Neuromancer,3
user_303,Never Let Me Go,4
user_132,The Fellowship of the Ring,4
user_21,Educated,3
user_79,The Road,4
user_237,Jane Eyre,4
user_15,A Game of Thrones,5
user_10,The Girl with the Dragon Tattoo,4
user_258,A Little Life,3
user_246,The Great Gatsby,3
user_51,Educated,2
user_82,Into Thin Air,3
user_166,The Hobbit,4
user_97,Foundation,5
user_315,"Thinking, Fast and Slow",4
user_154,Where the Crawdads Sing,4
user_205,A Little Life,4
user_17,"Thinking, Fast and Slow",2
user_170,Normal People,2
user_236,Beloved,5
user_330,The Night Circus,3
user_123,Wuthering Heights,2
user_81,Ender's Game,2
user_232,In Cold Blood,5
user_392,"Thinking, Fast and Slow",3
user_271,Where the Crawdads Sing,3
user_387,And Then There Were None,3
user_33,"Guns, Germs, and Steel",2
user_326,Moby-Dick,3
user_363,Normal People,4
user_180,Sapiens,3
user_40,The Hobbit,4
user_320,The Silence of the Lambs,3
user_83,And Then There Were None,3
user_339,Beloved,4
user_277,The Midnight Library,3
user_41,The Road,3
user_107,The Hobbit,5
user_229,And Then There Were None,2
user_81,Neuromancer,3
user_128,Anna Karenina,2
user_280,Where the Crawdads Sing,3
user_346,Ender's Game,4
user_130,Anna Karenina,5
user_70,The Fellowship of the Ring,4
user_352,The Name of the Wind,3
user_162,A Brief History of Time,4
user_281,The Fellowship of the Ring,4
user_212,Crime and Punishment,2
user_186,Foundation,4
user_385,Great Expectations,2
user_43,Gone Girl,4
user_346,War and Peace,5
user_341,Wuthering Heights,5
user_154,Normal People,3
user_248,Where the Crawdads Sing,4
user_394,Beloved,5
user_98,Great Expectations,2
user_251,The Great Gatsby,3
user_364,Into Thin Air,2
user_176,Anna Karenina,5
user_317,The Silence of the Lambs,4
user_49,Never Let Me Go,5
user_395,The Left Hand of Darkness,4
user_370,In Cold Blood,4
user_31,War and Peace,4
user_213,A Game of Thrones,4
user_180,Circe,3
user_229,The Fellowship of the Ring,3
user_35,Jane Eyre,3
user_23,Pride and Prejudice,3
user_296,The Left Hand of Darkness,4
user_392,Moby-Dick,4
user_157,The Hobbit,4
user_210,Circe,4
user_173,Where the Crawdads Sing,3
user_44,Sapiens,4
user_147,The Wright Brothers,3
user_187,The Da Vinci Code,4
user_62,Jane Eyre,4
user_303,Where the Crawdads Sing,4
user_182,Anna Karenina,5
user_76,The Fellowship of the Ring,4
user_338,Great Expectations,3
user_197,A Brief History of Time,4
user_198,The Kite Runner,4
user_35,The Hobbit,5
user_182,Moby-Dick,5
user_1,The Girl with the Dragon Tattoo,5
user_385,Circe,4
user_92,Neuromancer,3
user_202,Neuromancer,4
user_391,A Game of Thrones,5
user_327,The Road,3
user_145,Great Expectations,2
user_367,The Kite Runner,2
user_295,Pride and Prejudice,3
user_362,A Game of Thrones,5
user_355,The Fellowship of the Ring,5
user_67,And Then There Were None,3
user_337,Great Expectations,3
user_324,Great Expectations,3
user_117,Into Thin Air,3
user_245,War and Peace,4
user_74,The Girl with the Dragon Tattoo,4
user_235,Crime and Punishment,3
user_340,Moby-Dick,5
user_210,Pride and Prejudice,4
user_175,Rebecca,2
user_378,Anna Karenina,4
user_213,Foundation,3
user_385,Wuthering Heights,4
user_363,Dune,4
user_242,The Fellowship of the Ring,4
user_309,Great Expectations,2
user_134,Beloved,5
user_116,The Hobbit,5
user_82,Where the Crawdads Sing,4
user_17,Foundation,3
user_208,The Left Hand of Darkness,5
user_160,The Left Hand of Darkness,4
user_109,The Wright Brothers,4
user_78,The Girl with the Dragon Tattoo,4
user_258,Moby-Dick,4
user_380,Gone Girl,3
user_314,Gone Girl,3
user_59,Jane Eyre,4
user_181,Jane Eyre,4
user_223,The Hobbit,5
user_232,Mistborn,3
user_348,Mistborn,4
user_175,The Name of the Wind,3
user_299,The Midnight Library,3
user_393,The Hobbit,4
user_277,War and Peace,3
user_249,The Name of the Wind,3
user_176,The Left Hand of Darkness,4
user_156,A Little Life,3
user_190,The Great Gatsby,2
user_395,Great Expectations,2
user_156,Jane Eyre,4
user_220,"Thinking, Fast and Slow",4
user_129,War and Peace,4
user_211,The Name of the Wind,3
user_241,Gone Girl,4
user_218,The Immortal Life of Henrietta Lacks,3
user_173,The Midnight Library,3
user_67,A Game of Thrones,5
user_331,The Road,3
user_291,The Name of the Wind,4
user_144,To Kill a Mockingbird,5
user_365,Crime and Punishment,3
user_42,Where the Crawdads Sing,3
user_280,The Midnight Library,4
user_291,The Fellowship of the Ring,4
user_260,Crime and Punishment,3
user_21,The Girl with the Dragon Tattoo,4
user_348,Never Let Me Go,5
user_130,Educated,3
user_380,Jane Eyre,4
user_376,"Guns, Germs, and Steel",3
user_158,The Midnight Library,4
user_223,Neuromancer,3
user_70,Neuromancer,3
user_90,A Game of Thrones,5
user_178,The Kite Runner,3
user_177,Circe,4
user_296,A Little Life,3
user_179,Pride and Prejudice,3
user_146,Neuromancer,4
user_320,The Wright Brothers,4
user_133,A Little Life,2
user_6,And Then There Were None,3
user_278,Where the Crawdads Sing,5
user_296,A Brief History of Time,3
user_209,Into Thin Air,3
user_72,The Road,2
user_134,Normal People,4
user_244,In Cold Blood,3
user_68,The Name of the Wind,2
user_8,Jane Eyre,4
user_123,The Silence of the Lambs,3
user_30,Anna Karenina,4
user_369,Sapiens,4
user_357,To Kill a Mockingbird,4
user_50,Ender's Game,4
user_137,Rebecca,2
user_262,The Girl with the Dragon Tattoo,4
user_74,A Little Life,5
user_119,Moby-Dick,4
user_294,In Cold Blood,5
user_264,Pride and Prejudice,3
user_279,The Great Gatsby,4
user_252,The Name of the Wind,4
user_333,Great Expectations,2
user_163,The Road,2
user_319,Crime and Punishment,3
user_240,Sapiens,4
user_11,The Fellowship of the Ring,4
user_45,The Wright Brothers,3
user_105,Sapiens,3
user_381,The Silence of the Lambs,2
user_6,Dune,5
user_199,The Road,4
user_347,Rebecca,3
user_369,The Immortal Life of Henrietta Lacks,4
user_113,The Kite Runner,4
user_89,Into Thin Air,3
user_49,A Little Life,5
user_276,Beloved,4
user_54,Never Let Me Go,3
user_134,Educated,4
user_375,And Then There Were None,4
user_265,Dune,4
user_1,The Night Circus,4
user_304,The Night Circus,2
user_77,The Night Circus,3
user_289,The Great Gatsby,4
user_300,Ender's Game,4
user_395,The Kite Runner,3
user_8,Gone Girl,2
user_182,Normal People,4
user_1,"Thinking, Fast and Slow",3
user_40,The Kite Runner,3
user_233,"Guns, Germs, and Steel",3
user_93,A Game of Thrones,5
user_206,In Cold Blood,4
user_366,Great Expectations,2
user_146,Anna Karenina,4
user_197,A Little Life,3
user_301,In Cold Blood,4
user_187,Foundation,4
user_71,Sapiens,2
user_149,The Kite Runner,4
user_134,A Game of Thrones,5
user_49,Crime and Punishment,5
user_1,Gone Girl,5
user_60,Foundation,5
user_261,Jane Eyre,5
user_39,Great Expectations,2
user_96,"Guns, Germs, and Steel",3
user_170,Ender's Game,3
user_260,Mistborn,4
user_143,The Immortal Life of Henrietta Lacks,3
user_155,Gone Girl,3
user_374,The Road,4
user_198,Into Thin Air,4
user_282,And Then There Were None,3
user_309,Mistborn,4
user_123,Crime and Punishment,4
user_31,A Little Life,2
user_236,Mistborn,4
user_347,Normal People,4
user_332,The Girl with the Dragon Tattoo,4
user_396,The Midnight Library,3
user_78,The Kite Runner,3
user_40,The Wright Brothers,4
user_170,The Da Vinci Code,3
user_16,To Kill a Mockingbird,4
user_158,Never Let Me Go,5
user_26,The Da Vinci Code,2
user_213,Gone Girl,3
user_224,The Girl with the Dragon Tattoo,4
user_280,"Thinking, Fast and Slow",3
user_32,Where the Crawdads Sing,4
user_116,In Cold Blood,4
user_206,Ender's Game,3
user_101,Pride and Prejudice,4
user_303,Crime and Punishment,3
user_347,Foundation,3
user_327,The Immortal Life of Henrietta Lacks,4
user_220,The Night Circus,2
user_144,Wuthering Heights,2
user_99,Neuromancer,3
user_182,The Girl with the Dragon Tattoo,5
user_156,Ender's Game,3
user_121,In Cold Blood,4
user_205,The Da Vinci Code,4
user_257,Educated,3
user_355,The Immortal Life of Henrietta Lacks,3
user_125,Normal People,3
user_216,Sapiens,3
user_23,In Cold Blood,4
user_45,A Little Life,2
user_328,Educated,3
user_362,The Fellowship of the Ring,4
user_290,"Guns, Germs, and Steel",1
user_14,To Kill a Mockingbird,3
user_381,The Girl with the Dragon Tattoo,3
user_14,A Game of Thrones,5
user_121,War and Peace,3
user_376,The Name of the Wind,2
user_389,In Cold Blood,4
user_259,A Game of Thrones,4
user_213,The Hound of the Baskervilles,3
user_313,Circe,4
user_375,"Thinking, Fast and Slow",4
user_30,Mistborn,3
user_368,The Kite Runner,4
user_184,Ender's Game,4
user_260,Into Thin Air,4
user_276,Pride and Prejudice,4
user_189,Circe,4
user_197,Jane Eyre,4
user_202,A Brief History of Time,4
user_301,Into Thin Air,3
user_299,Great Expectations,2
user_168,The Night Circus,3
user_30,The Fellowship of the Ring,3
user_256,Circe,4
user_12,And Then There Were None,3
user_126,Where the Crawdads Sing,4
user_240,A Brief History of Time,3
user_76,The Night Circus,3
user_332,Into Thin Air,2
user_371,War and Peace,3
user_113,The Hound of the Baskervilles,5
user_269,Rebecca,3
user_72,And Then There Were None,3
user_243,The Kite Runner,3
user_273,The Wright Brothers,4
user_349,The Girl with the Dragon Tattoo,3
user_66,Moby-Dick,4
user_391,War and Peace,3
user_278,A Brief History of Time,4
user_112,Rebecca,2
user_67,The Hobbit,5
user_109,And Then There Were None,2
user_331,Beloved,4
user_72,Dune,4
user_231,Where the Crawdads Sing,4
user_94,The Road,3
user_344,Wuthering Heights,3
user_61,The Da Vinci Code,3
user_389,"Guns, Germs, and Steel",3
user_2,Mistborn,4
user_381,Mistborn,3
user_190,Crime and Punishment,2
user_245,Gone Girl,4
user_319,A Little Life,4
user_153,"Thinking, Fast and Slow",3
user_202,Great Expectations,4
user_223,The Night Circus,2
user_324,The Da Vinci Code,3
user_54,Circe,2
user_151,Jane Eyre,4
user_145,The Immortal Life of Henrietta Lacks,3
user_52,Sapiens,5
user_54,Gone Girl,4
user_31,Sapiens,4
user_210,Educated,4
user_114,In Cold Blood,4
user_247,Educated,3
user_132,"Thinking, Fast and Slow",4
user_399,Never Let Me Go,4
user_100,Educated,4
user_330,Educated,4
user_19,Great Expectations,1
user_133,Beloved,3
user_252,Jane Eyre,4
user_71,Foundation,3
user_282,The Hound of the Baskervilles,3
user_171,The Hobbit,4
user_377,Moby-Dick,4
user_40,The Fellowship of the Ring,4
user_34,Pride and Prejudice,4
user_310,"Guns, Germs, and Steel",3
user_109,The Immortal Life of Henrietta Lacks,4
user_329,Beloved,4
user_295,The Girl with the Dragon Tattoo,4
user_375,War and Peace,4
user_243,Where the Crawdads Sing,4
user_155,War and Peace,3
user_369,The Road,3
user_349,Ender's Game,3
user_136,Never Let Me Go,5
user_261,Beloved,4
user_110,Dune,4
user_130,The Hobbit,4
user_122,Wuthering Heights,3
user_277,The Wright Brothers,4
user_200,Crime and Punishment,1
user_397,Anna Karenina,4
user_389,Where the Crawdads Sing,4
user_197,The Silence of the Lambs,5
user_226,The Great Gatsby,3
user_371,The Hound of the Baskervilles,2
user_380,The Hound of the Baskervilles,4
user_56,The Road,3
user_333,Mistborn,4
user_66,War and Peace,3
user_200,Foundation,2
user_338,Crime and Punishment,3
user_0,Rebecca,3
user_394,The Great Gatsby,4
user_380,The Road,3
user_135,Crime and Punishment,4
user_65,And Then There Were None,3
user_56,Circe,4
user_203,Rebecca,3
user_271,Ender's Game,3
user_159,Circe,3
user_282,The Girl with the Dragon Tattoo,4
user_8,Sapiens,3
user_366,The Left Hand of Darkness,4
user_266,To Kill a Mockingbird,3
user_288,The Da Vinci Code,3
user_365,The Fellowship of the Ring,4
user_382,Dune,5
user_59,Wuthering Heights,4
user_112,Never Let Me Go,4
user_169,A Brief History of Time,3
user_71,The Immortal Life of Henrietta Lacks,4
user_101,To Kill a Mockingbird,4
user_108,The Night Circus,2
user_209,Great Expectations,3
user_346,And Then There Were None,4
user_201,Into Thin Air,4
user_331,Into Thin Air,2
user_187,Sapiens,4
user_299,Sapiens,4
user_55,Mistborn,3
user_123,The Kite Runner,3
user_120,A Game of Thrones,5
user_162,The Silence of the Lambs,5
user_349,Never Let Me Go,3
user_69,To Kill a Mockingbird,5
user_198,"Thinking, Fast and Slow",3
user_368,Pride and Prejudice,4
user_241,A Game of Thrones,5
user_136,Neuromancer,4
user_176,The Night Circus,3
user_356,Into Thin Air,4
user_25,The Night Circus,3
user_178,Neuromancer,3
user_287,The Da Vinci Code,4
user_352,The Fellowship of the Ring,4
user_18,Beloved,3
user_124,"Guns, Germs, and Steel",2
user_343,The Da Vinci Code,2
user_148,Anna Karenina,4
user_340,Great Expectations,2
user_94,A Game of Thrones,5
user_179,The Girl with the Dragon Tattoo,4
user_26,The Left Hand of Darkness,3
user_143,Dune,4
user_297,Normal People,3
user_88,Ender's Game,5
user_240,"Guns, Germs, and Steel",4
user_133,Ender's Game,4
user_254,Beloved,3
user_311,Normal People,5
user_191,War and Peace,4
user_153,Never Let Me Go,4
user_268,The Kite Runner,3
user_221,Rebecca,3
user_135,Wuthering Heights,5
user_399,The Midnight Library,3
user_152,The Name of the Wind,3
user_348,Ender's Game,4
user_182,Dune,4
user_125,Moby-Dick,4
user_84,Never Let Me Go,5
user_46,"Thinking, Fast and Slow",3
user_190,And Then There Were None,2
user_56,The Immortal Life of Henrietta Lacks,3
user_233,Dune,4
user_25,The Road,4
user_311,Crime and Punishment,4
user_52,Circe,3
user_183,Dune,4
user_66,Beloved,5
user_37,Great Expectations,3
user_323,Dune,5
user_354,Dune,4
user_88,In Cold Blood,4
user_220,Moby-Dick,4
user_253,Normal People,3
user_252,Dune,4
user_185,The Kite Runner,4
user_7,Jane Eyre,4
user_225,Jane Eyre,4
user_176,Neuromancer,5
user_113,Circe,4
user_248,Wuthering Heights,3
user_11,"Guns, Germs, and Steel",3
user_24,Great Expectations,3
user_174,Foundation,3
user_199,A Brief History of Time,4
user_355,To Kill a Mockingbird,4
user_40,The Road,3
user_155,Mistborn,4
user_31,Normal People,3
user_270,Jane Eyre,4
user_331,The Da Vinci Code,3
user_99,In Cold Blood,4
user_122,Dune,4
user_110,Into Thin Air,4
user_43,The Road,3
user_375,A Little Life,5
user_210,Rebecca,4
user_87,The Kite Runner,3
user_212,Gone Girl,3
user_69,The Immortal Life of Henrietta Lacks,3
user_325,The Midnight Library,3
user_202,Gone Girl,4
user_226,The Girl with the Dragon Tattoo,3
user_197,Beloved,4
user_302,Dune,5
user_31,Crime and Punishment,4
user_59,Rebecca,3
user_35,Sapiens,2
user_275,Into Thin Air,4
user_5,Circe,4
user_360,The Road,4
user_328,Rebecca,3
user_42,Neuromancer,3
user_70,A Little Life,4
user_174,Jane Eyre,3
user_131,The Immortal Life of Henrietta Lacks,5
user_229,Neuromancer,3
user_371,Mistborn,3
user_332,And Then There Were None,2
user_29,Sapiens,3
user_358,Ender's Game,3
user_284,Educated,4
user_340,The Da Vinci Code,2
user_191,In Cold Blood,4
user_58,Rebecca,4
user_205,Never Let Me Go,5
user_329,Rebecca,4
user_90,The Da Vinci Code,3
user_15,And Then There Were None,2
user_135,Ender's Game,4
user_125,A Little Life,4
user_241,Rebecca,3
user_248,The Immortal Life of Henrietta Lacks,3
user_33,The Kite Runner,3
user_24,Mistborn,4
user_39,A Brief History of Time,4
user_196,Educated,3
user_339,The Midnight Library,4
user_263,Rebecca,4
user_215,Into Thin Air,4
user_317,The Name of the Wind,3
user_43,Great Expectations,3
user_170,The Road,3
user_16,The Hound of the Baskervilles,3
user_356,"Guns, Germs, and Steel",4
user_154,Never Let Me Go,4
user_37,War and Peace,4
user_331,The Wright Brothers,2
user_5,The Midnight Library,3
user_3,Beloved,3
user_5,A Little Life,2
user_210,Gone Girl,4
user_123,Great Expectations,1
user_375,Never Let Me Go,5
user_165,The Night Circus,3
user_332,The Left Hand of Darkness,4
user_266,Normal People,4
user_276,The Kite Runner,3
user_156,The Hound of the Baskervilles,3
user_127,Ender's Game,3
user_319,Great Expectations,3
user_351,Beloved,4
user_399,Beloved,4
user_45,Normal People,3
user_123,Moby-Dick,3
user_89,Where the Crawdads Sing,5
user_175,Educated,3
user_294,Sapiens,4
user_49,War and Peace,4
user_278,The Left Hand of Darkness,5
user_159,Educated,4
user_219,Pride and Prejudice,4
user_320,Jane Eyre,4
user_174,Never Let Me Go,4
user_355,Circe,4
user_164,The Fellowship of the Ring,4
user_153,And Then There Were None,3
user_37,The Night Circus,3
user_219,In Cold Blood,3
user_181,A Little Life,3
user_366,Foundation,3
user_338,In Cold Blood,3
user_56,"Guns, Germs, and Steel",3
user_281,In Cold Blood,5
user_275,The Kite Runner,3
user_66,The Wright Brothers,4
user_314,Moby-Dick,3
user_313,Gone Girl,4
user_25,Beloved,3
user_326,The Wright Brothers,3
user_338,Pride and Prejudice,4
user_210,War and Peace,5
user_285,Dune,4
user_220,The Wright Brothers,3
user_114,The Midnight Library,4
user_135,Rebecca,3
user_319,Anna Karenina,5
user_163,Into Thin Air,2
user_350,Mistborn,2
user_372,Circe,4
user_53,Sapiens,4
user_364,To Kill a Mockingbird,4
user_140,A Game of Thrones,5
user_51,Crime and Punishment,2
user_397,The Midnight Library,3
user_168,The Silence of the Lambs,4
user_261,Gone Girl,4
user_241,In Cold Blood,5
user_97,Neuromancer,3
user_295,The Night Circus,3
user_94,The Hobbit,5
user_198,Foundation,4
user_314,A Little Life,5
user_348,The Kite Runner,4
user_247,Beloved,4
user_229,Wuthering Heights,3
user_125,Dune,4
user_299,The Hobbit,4
user_169,The Immortal Life of Henrietta Lacks,3
user_50,Moby-Dick,4
user_232,Circe,3
user_148,Into Thin Air,3
user_222,Sapiens,3
user_385,Never Let Me Go,5
user_395,Neuromancer,3
user_105,Gone Girl,3
user_249,The Da Vinci Code,3
user_390,Ender's Game,3
user_127,Neuromancer,4
user_1,Normal People,4
user_250,The Fellowship of the Ring,3
user_319,The Fellowship of the Ring,4
user_98,A Brief History of Time,2
user_22,A Little Life,3
user_346,Sapiens,4
user_21,In Cold Blood,5
user_370,Jane Eyre,3
user_140,Educated,3
user_123,The Hobbit,3
user_148,The Kite Runner,3
user_206,The Name of the Wind,3
user_110,A Brief History of Time,4
user_206,The Night Circus,2
user_392,Normal People,4
user_43,A Little Life,3
user_220,The Road,4
user_330,A Game of Thrones,5
user_24,The Road,3
user_166,And Then There Were None,3
user_187,The Silence of the Lambs,4
user_342,Beloved,4
user_49,The Great Gatsby,3
user_127,The Wright Brothers,3
user_76,Foundation,4
user_389,Anna Karenina,4
user_264,Ender's Game,3
user_9,A Little Life,2
user_59,Neuromancer,3
user_152,War and Peace,3
user_145,The Great Gatsby,2
user_103,Normal People,3
user_219,Great Expectations,3
user_160,Where the Crawdads Sing,4
user_374,Never Let Me Go,4
user_13,The Hound of the Baskervilles,3
user_258,Foundation,4
user_108,The Great Gatsby,4
user_89,The Name of the Wind,3
user_98,Anna Karenina,3
user_330,The Immortal Life of Henrietta Lacks,5
user_151,Where the Crawdads Sing,4
user_331,The Left Hand of Darkness,5
user_206,The Wright Brothers,2
user_173,Gone Girl,4
user_11,A Little Life,3
user_354,Pride and Prejudice,3
user_182,Ender's Game,4
user_57,Pride and Prejudice,5
user_323,Into Thin Air,3
user_78,The Da Vinci Code,4
user_191,The Wright Brothers,4
user_7,The Hound of the Baskervilles,4
user_130,Normal People,2
user_209,Wuthering Heights,3
user_170,The Hound of the Baskervilles,4
user_47,"Guns, Germs, and Steel",3
user_130,To Kill a Mockingbird,4
user_253,The Name of the Wind,4
user_207,The Left Hand of Darkness,4
user_68,Dune,5
user_300,A Little Life,5
user_152,Foundation,3
user_353,Crime and Punishment,3
user_1,Sapiens,3
user_350,"Thinking, Fast and Slow",2
user_365,In Cold Blood,5
user_234,The Fellowship of the Ring,4
user_258,In Cold Blood,4
user_130,Mistborn,3
user_335,A Brief History of Time,4
user_144,The Kite Runner,3
user_98,Where the Crawdads Sing,4
user_312,Pride and Prejudice,4
user_308,The Great Gatsby,3
user_9,Foundation,3
user_37,Wuthering Heights,5
user_140,Circe,4
user_322,The Midnight Library,4
user_89,The Hobbit,4
user_125,Educated,4
user_63,A Little Life,3
user_60,A Little Life,3
user_225,The Silence of the Lambs,5
user_225,The Da Vinci Code,3
user_103,"Thinking, Fast and Slow",5
user_58,Beloved,5
user_217,"Guns, Germs, and Steel",2
user_395,Wuthering Heights,3
user_167,"Guns, Germs, and Steel",3
user_100,Sapiens,3
user_51,Gone Girl,3
user_10,The Kite Runner,4
user_23,Anna Karenina,3
user_155,A Little Life,3
user_314,Pride and Prejudice,4
user_357,The Road,2
user_173,The Immortal Life of Henrietta Lacks,4
user_54,Sapiens,3
user_243,Ender's Game,2
user_355,Sapiens,3
user_327,Foundation,3
user_183,Neuromancer,4
user_319,"Thinking, Fast and Slow",3
user_171,Circe,4
user_223,The Midnight Library,4
user_6,The Night Circus,4
user_177,To Kill a Mockingbird,4
user_284,The Left Hand of Darkness,5
user_179,Neuromancer,3
user_266,The Night Circus,3
user_302,Great Expectations,3
user_264,In Cold Blood,4
user_30,A Brief History of Time,3
user_46,Where the Crawdads Sing,4
user_317,The Immortal Life of Henrietta Lacks,4
user_118,A Little Life,4
user_360,The Kite Runner,4
user_389,Crime and Punishment,3
user_179,War and Peace,4
user_179,Rebecca,3
user_343,A Little Life,4
user_112,Moby-Dick,4
user_243,The Name of the Wind,3
user_7,Beloved,4
user_73,Moby-Dick,4
user_386,Dune,5
user_358,The Immortal Life of Henrietta Lacks,4
user_0,"Guns, Germs, and Steel",2
user_348,The Name of the Wind,4
user_45,Crime and Punishment,3
user_267,Ender's Game,4
user_315,Dune,5
user_110,And Then There Were None,2
user_192,The Left Hand of Darkness,5
user_225,"Thinking, Fast and Slow",3
user_272,Pride and Prejudice,5
user_177,The Night Circus,2
user_196,The Immortal Life of Henrietta Lacks,5
user_33,Educated,4
user_151,Circe,4
user_386,A Little Life,2
user_373,The Silence of the Lambs,3
user_95,A Little Life,4
user_244,Dune,3
user_210,A Little Life,3
user_268,The Hobbit,4
user_3,"Guns, Germs, and Steel",3
user_81,The Midnight Library,3
user_388,Mistborn,3
user_382,A Game of Thrones,5
user_249,Into Thin Air,3
user_252,Into Thin Air,4
user_54,The Kite Runner,4
user_354,The Silence of the Lambs,4
user_25,Into Thin Air,4
user_339,Never Let Me Go,4
user_298,The Left Hand of Darkness,5
user_11,A Game of Thrones,5
user_351,The Da Vinci Code,4
user_180,Rebecca,3
user_225,In Cold Blood,5
user_308,Beloved,5
user_359,Wuthering Heights,3
user_220,The Immortal Life of Henrietta Lacks,4
user_359,"Thinking, Fast and Slow",3
user_46,The Kite Runner,4
user_131,Circe,3
user_200,Sapiens,3
user_282,Great Expectations,2
user_53,War and Peace,4
user_165,Moby-Dick,4
user_369,The Great Gatsby,3
user_242,The Great Gatsby,4
user_36,Educated,4
user_57,The Fellowship of the Ring,5
user_17,The Girl with the Dragon Tattoo,4
user_319,The Night Circus,3
user_138,Neuromancer,4
user_9,The Road,2
user_368,To Kill a Mockingbird,5
user_137,Jane Eyre,3
user_212,The Hound of the Baskervilles,3
user_387,The Hobbit,4
user_281,Into Thin Air,3
user_232,To Kill a Mockingbird,5
user_344,Beloved,4
user_386,Into Thin Air,3
user_284,Normal People,4
user_193,The Great Gatsby,3
user_310,The Hound of the Baskervilles,4
user_86,The Fellowship of the Ring,3
user_85,The Left Hand of Darkness,4
user_190,Beloved,4
user_249,The Kite Runner,3
user_69,And Then There Were None,2
user_146,The Immortal Life of Henrietta Lacks,4
user_204,"Thinking, Fast and Slow",4
user_306,Rebecca,4
user_100,Crime and Punishment,2
user_234,Crime and Punishment,3
user_54,Dune,4
user_334,Ender's Game,2
user_23,Foundation,4
user_307,The Night Circus,4
user_358,Neuromancer,4
user_117,Never Let Me Go,4
user_374,The Name of the Wind,3
user_131,Beloved,4
user_87,Into Thin Air,2
user_137,Moby-Dick,4
user_122,Educated,4
user_243,The Girl with the Dragon Tattoo,5
user_313,The Night Circus,3
user_365,The Great Gatsby,3
user_383,The Girl with the Dragon Tattoo,4
user_375,The Hound of the Baskervilles,4
user_64,Mistborn,3
user_20,Normal People,2
user_245,Beloved,4
user_224,And Then There Were None,2
user_243,Normal People,4
user_329,Normal People,3
user_66,The Left Hand of Darkness,4
user_143,Into Thin Air,2
user_331,The Night Circus,3
user_195,Circe,3
user_11,Circe,4
user_146,To Kill a Mockingbird,4
user_321,To Kill a Mockingbird,4
user_309,Jane Eyre,3
user_333,Normal People,3
user_166,The Fellowship of the Ring,3
user_20,A Little Life,3
user_196,Where the Crawdads Sing,4
user_226,The Kite Runner,2
user_251,Rebecca,4
user_370,To Kill a Mockingbird,4
user_351,To Kill a Mockingbird,4
user_125,Gone Girl,4
user_228,Foundation,3
user_298,To Kill a Mockingbird,4
user_375,Crime and Punishment,3
user_63,The Wright Brothers,4
user_2,Sapiens,3
user_303,Gone Girl,3
user_118,Neuromancer,5
user_289,Anna Karenina,4
user_107,Neuromancer,4
user_341,The Name of the Wind,3
user_211,The Silence of the Lambs,4
user_38,The Hobbit,3
user_281,"Guns, Germs, and Steel",2
user_170,Foundation,3
user_250,Great Expectations,1
user_270,The Left Hand of Darkness,4
user_326,Sapiens,3
user_34,Where the Crawdads Sing,5
user_338,Jane Eyre,5
user_124,The Road,3
user_293,The Kite Runner,5
user_90,Great Expectations,2
user_370,Foundation,4
user_101,Dune,5
user_205,The Kite Runner,3
user_93,The Silence of the Lambs,4
user_293,The Hobbit,5
user_136,The Wright Brothers,4
user_162,"Guns, Germs, and Steel",3
user_32,The Fellowship of the Ring,3
user_111,The Hobbit,4
user_110,A Game of Thrones,5
user_372,In Cold Blood,4
user_207,War and Peace,2
user_323,The Immortal Life of Henrietta Lacks,3
user_308,Mistborn,3
user_131,Pride and Prejudice,4
user_108,In Cold Blood,4
user_288,Crime and Punishment,2
user_33,"Thinking, Fast and Slow",3
user_57,The Silence of the Lambs,3
user_368,Crime and Punishment,2
user_17,Ender's Game,4
user_1,Into Thin Air,4
user_37,Normal People,3
user_301,Educated,3
user_220,Beloved,4
user_114,The Hound of the Baskervilles,4
user_32,The Da Vinci Code,3
user_93,The Wright Brothers,5
user_344,To Kill a Mockingbird,4
user_276,Circe,4
user_391,And Then There Were None,3
user_351,Crime and Punishment,3
user_277,The Immortal Life of Henrietta Lacks,3
user_287,Neuromancer,5
user_128,The Name of the Wind,3
user_195,The Midnight Library,3
user_121,Where the Crawdads Sing,4
user_132,Never Let Me Go,4
user_125,Into Thin Air,3
user_167,Mistborn,2
user_7,The Silence of the Lambs,4
user_113,"Guns, Germs, and Steel",3
user_212,To Kill a Mockingbird,3
user_290,Mistborn,3
user_4,The Immortal Life of Henrietta Lacks,2
user_377,Foundation,4
user_345,And Then There Were None,3
user_231,Circe,4
user_75,Ender's Game,4
user_397,Foundation,4
user_277,The Girl with the Dragon Tattoo,4
user_174,Mistborn,3
user_270,Circe,3
user_373,The Left Hand of Darkness,4
user_85,Anna Karenina,4
user_189,The Da Vinci Code,3
user_33,The Great Gatsby,3
user_101,The Midnight Library,3
user_331,The Immortal Life of Henrietta Lacks,3
user_70,Into Thin Air,4
user_142,Wuthering Heights,3
user_223,War and Peace,4
user_112,The Da Vinci Code,3
user_7,Normal People,3
user_385,War and Peace,4
user_250,The Girl with the Dragon Tattoo,4
user_324,Sapiens,3
user_64,Anna Karenina,4
user_75,Sapiens,4
user_165,The Road,3
user_73,Wuthering Heights,3
user_345,A Brief History of Time,2
user_252,"Guns, Germs, and Steel",2
user_44,Dune,5
user_33,The Road,3
user_299,Ender's Game,4
user_217,The Immortal Life of Henrietta Lacks,4
user_12,Sapiens,3
user_325,Rebecca,4
user_26,Sapiens,3
user_320,And Then There Were None,2
user_65,Wuthering Heights,4
user_166,A Little Life,2
user_64,Neuromancer,3
user_148,The Night Circus,5
user_359,The Hound of the Baskervilles,4
user_110,Educated,5
user_224,Into Thin Air,3
user_361,In Cold Blood,5
user_38,Crime and Punishment,3
user_242,Where the Crawdads Sing,4
user_55,The Midnight Library,3
user_362,War and Peace,4
user_330,Normal People,3
user_119,And Then There Were None,2
user_238,Sapiens,2
user_71,War and Peace,4
user_114,Sapiens,3
user_73,The Left Hand of Darkness,4
user_140,Great Expectations,3
user_305,A Game of Thrones,5
user_294,The Midnight Library,3
user_221,The Hound of the Baskervilles,4
user_310,Moby-Dick,4
user_191,Normal People,5
user_392,Pride and Prejudice,3
user_111,The Fellowship of the Ring,3
user_75,"Thinking, Fast and Slow",4
user_361,Educated,4
user_114,The Name of the Wind,4
user_183,Wuthering Heights,2
user_49,Wuthering Heights,5
user_135,The Silence of the Lambs,4
user_388,And Then There Were None,2
user_294,The Fellowship of the Ring,3
user_165,Circe,4
user_29,The Road,3
user_381,Normal People,4
user_87,To Kill a Mockingbird,4
user_193,Circe,3
user_56,Mistborn,3
user_140,Normal People,3
user_174,The Hound of the Baskervilles,4
user_54,The Wright Brothers,3
user_0,The Wright Brothers,4
user_365,The Silence of the Lambs,4
user_185,The Great Gatsby,3
user_319,Normal People,3
user_222,A Brief History of Time,2
user_331,The Hobbit,4
user_380,Moby-Dick,4
user_288,Where the Crawdads Sing,4
user_46,Pride and Prejudice,4
user_395,Jane Eyre,2
user_387,The Road,3
user_340,"Thinking, Fast and Slow",4
user_269,In Cold Blood,4
user_301,A Little Life,4
user_95,Foundation,4
user_318,Crime and Punishment,2
user_24,A Little Life,3
user_270,"Guns, Germs, and Steel",3
user_391,The Road,4
user_301,The Silence of the Lambs,4
user_34,Sapiens,4
user_176,Great Expectations,3
user_287,Where the Crawdads Sing,5
user_148,The Midnight Library,4
user_326,A Game of Thrones,5
user_228,Pride and Prejudice,4
user_234,The Immortal Life of Henrietta Lacks,4
user_351,The Hobbit,4
user_64,The Silence of the Lambs,4
user_92,The Hound of the Baskervilles,3
user_340,Wuthering Heights,3
user_183,Beloved,4
user_63,The Hobbit,3
user_300,Moby-Dick,5
user_103,Where the Crawdads Sing,5
user_136,Jane Eyre,4
user_305,The Wright Brothers,4
user_275,Neuromancer,3
user_2,The Midnight Library,3
user_13,Sapiens,3
user_247,Ender's Game,2
user_305,Great Expectations,3
user_371,The Da Vinci Code,3
user_244,The Great Gatsby,3
user_363,Moby-Dick,4
user_47,Mistborn,3
user_377,The Da Vinci Code,3
user_129,Into Thin Air,3
user_79,Wuthering Heights,4
user_135,Dune,5
user_222,Dune,4
user_304,Pride and Prejudice,4
user_201,The Wright Brothers,4
user_195,Never Let Me Go,5
user_379,The Kite Runner,4
user_218,"Thinking, Fast and Slow",3
user_159,Never Let Me Go,5
user_103,Great Expectations,4
user_344,Jane Eyre,3
user_199,The Fellowship of the Ring,4
user_121,The Da Vinci Code,3
user_349,And Then There Were None,2
user_354,Anna Karenina,4
user_370,Pride and Prejudice,3
user_35,To Kill a Mockingbird,4
user_254,The Hobbit,4
user_122,The Hound of the Baskervilles,3
user_255,Moby-Dick,5
user_364,Foundation,3
user_388,A Little Life,4
user_61,Beloved,4
user_326,The Night Circus,3
user_286,The Immortal Life of Henrietta Lacks,4
user_83,Into Thin Air,3
user_47,Moby-Dick,4
user_344,Great Expectations,3
user_95,"Guns, Germs, and Steel",3
user_110,Moby-Dick,4
user_394,A Brief History of Time,3
user_383,A Brief History of Time,3
user_146,Foundation,3
user_243,Jane Eyre,4
user_366,The Immortal Life of Henrietta Lacks,3
user_352,Sapiens,4
user_135,A Little Life,4
user_303,The Night Circus,4
user_86,Rebecca,3
user_219,War and Peace,4
user_232,Neuromancer,3
user_344,The Fellowship of the Ring,4
user_41,The Wright Brothers,3
user_208,The Kite Runner,4
user_177,Wuthering Heights,2
user_209,Gone Girl,4
user_384,Pride and Prejudice,4
user_18,Where the Crawdads Sing,4
user_94,Foundation,3
user_31,The Great Gatsby,3
user_169,Anna Karenina,4
user_73,Into Thin Air,2
user_373,And Then There Were None,2
user_151,In Cold Blood,5
user_218,A Little Life,2
user_336,The Hound of the Baskervilles,5
user_42,Sapiens,3
user_357,The Hobbit,4
user_49,Great Expectations,4
user_256,And Then There Were None,3
user_84,The Name of the Wind,3
user_174,Sapiens,3
user_35,Normal People,3
user_374,A Little Life,4
user_49,Circe,5
user_258,The Road,3
user_236,The Da Vinci Code,3
user_306,"Thinking, Fast and Slow",3
user_290,The Great Gatsby,3
user_59,The Kite Runner,4
user_163,A Little Life,3
user_231,The Fellowship of the Ring,4
user_51,The Name of the Wind,3
user_195,Anna Karenina,4
user_323,The Left Hand of Darkness,4
user_154,Wuthering Heights,4
user_83,Ender's Game,3
user_142,The Wright Brothers,3
user_194,The Name of the Wind,3
user_202,Jane Eyre,4
user_240,The Da Vinci Code,4
user_364,Rebecca,3
user_72,Mistborn,4
user_173,Wuthering Heights,3
user_333,Anna Karenina,4
user_3,Into Thin Air,3
user_223,The Girl with the Dragon Tattoo,5
user_283,The Immortal Life of Henrietta Lacks,3
user_183,Never Let Me Go,4
user_298,The Immortal Life of Henrietta Lacks,4
user_170,A Little Life,4
user_224,Jane Eyre,4
user_244,The Hobbit,4
user_62,Dune,4
user_284,The Fellowship of the Ring,5
user_27,Circe,4
user_55,"Thinking, Fast and Slow",4
user_82,Foundation,4
user_14,Gone Girl,4
user_189,The Girl with the Dragon Tattoo,4
user_56,Foundation,4
user_191,A Little Life,3
user_140,And Then There Were None,3
user_276,Gone Girl,4
user_326,Neuromancer,3
user_273,Foundation,4
user_363,A Brief History of Time,3
user_271,Anna Karenina,3
user_224,The Midnight Library,4
user_379,The Night Circus,3
user_111,The Great Gatsby,4
user_233,Pride and Prejudice,4
user_313,The Immortal Life of Henrietta Lacks,4
user_278,To Kill a Mockingbird,4
user_337,The Midnight Library,2
user_203,The Left Hand of Darkness,5
user_4,The Fellowship of the Ring,3
user_160,The Hobbit,4
user_61,Ender's Game,3
user_166,The Da Vinci Code,2
user_325,And Then There Were None,3
user_317,Anna Karenina,4
user_15,The Immortal Life of Henrietta Lacks,4
user_332,Gone Girl,3
user_313,The Road,4
user_60,Into Thin Air,3
user_97,"Thinking, Fast and Slow",3
user_27,In Cold Blood,4
user_9,The Fellowship of the Ring,3
user_107,A Little Life,4
user_355,A Game of Thrones,5
user_153,Where the Crawdads Sing,4
user_220,The Name of the Wind,3
user_48,Where the Crawdads Sing,4
user_194,And Then There Were None,4
user_273,Never Let Me Go,5
user_38,"Thinking, Fast and Slow",3
user_255,Foundation,3
user_25,The Left Hand of Darkness,4
user_30,Ender's Game,3
user_246,Mistborn,4
user_384,Normal People,4
user_194,Rebecca,3
user_219,Anna Karenina,3
user_338,"Guns, Germs, and Steel",3
user_77,"Thinking, Fast and Slow",4
user_23,The Kite Runner,5
user_268,The Wright Brothers,2
user_146,Rebecca,4
user_298,A Little Life,3
user_99,The Hobbit,4
user_212,Normal People,3
user_212,A Little Life,2
user_157,Sapiens,3
user_260,The Hound of the Baskervilles,4
user_341,Crime and Punishment,3
user_264,Anna Karenina,4
user_207,Normal People,3
user_176,The Hound of the Baskervilles,5
user_342,Where the Crawdads Sing,4
user_270,Beloved,4
user_6,"Thinking, Fast and Slow",3
user_172,The Girl with the Dragon Tattoo,3
user_184,The Hound of the Baskervilles,4
user_354,Into Thin Air,2
user_52,Where the Crawdads Sing,4
user_144,The Girl with the Dragon Tattoo,4
user_131,Where the Crawdads Sing,4
user_175,To Kill a Mockingbird,3
user_336,Into Thin Air,4
user_349,Wuthering Heights,3
user_57,The Girl with the Dragon Tattoo,4
user_379,The Midnight Library,3
user_240,Pride and Prejudice,3
user_173,Pride and Prejudice,4
user_279,Anna Karenina,4
user_3,Normal People,4
user_150,Foundation,4
user_226,The Immortal Life of Henrietta Lacks,4
user_161,The Hobbit,5
user_11,A Brief History of Time,3
user_57,A Little Life,3
user_60,The Road,4
user_253,The Girl with the Dragon Tattoo,4
user_95,The Midnight Library,3
user_309,Sapiens,3
user_94,Never Let Me Go,4
user_32,In Cold Blood,4
user_88,The Hobbit,5
user_194,Beloved,4
user_151,Dune,3
user_88,The Night Circus,3
user_64,Crime and Punishment,3
user_93,Pride and Prejudice,4
user_167,Never Let Me Go,4
user_118,Sapiens,4
user_369,Foundation,3
user_395,Gone Girl,4
user_285,Wuthering Heights,4
user_74,The Hobbit,4
user_179,Educated,4
user_108,The Fellowship of the Ring,3
user_334,The Wright Brothers,3
user_99,The Da Vinci Code,2
user_283,Great Expectations,2
user_141,The Hound of the Baskervilles,4
user_305,The Girl with the Dragon Tattoo,4
user_91,The Wright Brothers,4
user_305,Wuthering Heights,4
user_353,Educated,3
user_293,Ender's Game,3
user_360,The Fellowship of the Ring,5
user_387,Never Let Me Go,5
user_209,Normal People,2
user_262,Neuromancer,5
user_242,Anna Karenina,4
user_122,Crime and Punishment,3
user_213,Where the Crawdads Sing,3
user_369,The Fellowship of the Ring,4
user_125,The Wright Brothers,4
user_202,The Hobbit,5
user_262,Where the Crawdads Sing,3
user_315,And Then There Were None,3
user_180,Crime and Punishment,3
user_323,The Kite Runner,3
user_140,To Kill a Mockingbird,4
user_1,A Game of Thrones,5
user_150,A Little Life,3
user_196,"Guns, Germs, and Steel",3
user_116,Great Expectations,3
user_49,The Wright Brothers,4
user_60,A Brief History of Time,3
user_290,The Fellowship of the Ring,3
user_190,Normal People,3
user_239,Sapiens,4
user_207,"Thinking, Fast and Slow",2
user_118,Foundation,4
user_91,War and Peace,4
user_324,The Midnight Library,2
user_363,Into Thin Air,4
user_272,A Brief History of Time,4
user_389,Dune,4
user_13,The Immortal Life of Henrietta Lacks,3
user_396,The Name of the Wind,4
user_377,The Hound of the Baskervilles,3
user_227,Sapiens,4
user_42,Rebecca,3
user_142,Foundation,3
user_264,Into Thin Air,4
user_114,The Girl with the Dragon Tattoo,5
user_172,The Hound of the Baskervilles,4
user_76,The Great Gatsby,3
user_257,Rebecca,4
user_318,The Left Hand of Darkness,5
user_262,The Hound of the Baskervilles,4
user_209,Beloved,4
user_356,The Left Hand of Darkness,4
user_220,Crime and Punishment,3
user_126,The Immortal Life of Henrietta Lacks,2
user_87,Normal People,4
user_374,Pride and Prejudice,4
user_203,Pride and Prejudice,4
user_169,Wuthering Heights,4
user_30,The Name of the Wind,2
user_159,War and Peace,4
user_366,The Night Circus,2
user_106,War and Peace,4
user_292,Normal People,4
user_212,The Hobbit,4
user_58,Normal People,4
user_57,Beloved,5
user_102,The Girl with the Dragon Tattoo,5
user_186,The Hobbit,5
user_132,War and Peace,3
user_353,The Great Gatsby,3
user_274,Pride and Prejudice,3
user_29,A Little Life,4
user_310,Gone Girl,4
user_206,Dune,4
user_340,Foundation,4
user_13,The Girl with the Dragon Tattoo,4
user_21,Wuthering Heights,4
user_136,The Silence of the Lambs,3
user_373,In Cold Blood,3
user_44,Moby-Dick,5
user_345,Educated,2
user_230,The Road,4
user_41,Educated,3
user_375,The Road,3
user_166,The Kite Runner,4
user_350,The Left Hand of Darkness,4
user_288,Neuromancer,3
user_46,A Brief History of Time,4
user_165,Great Expectations,2
user_35,Pride and Prejudice,4
user_256,The Fellowship of the Ring,5
user_381,"Thinking, Fast and Slow",3
user_245,Where the Crawdads Sing,4
user_287,The Hound of the Baskervilles,4
user_155,Rebecca,2
user_245,Wuthering Heights,5
user_188,A Little Life,4
user_44,The Wright Brothers,4
user_192,Gone Girl,4
user_275,Wuthering Heights,4
user_342,Sapiens,4
user_374,Neuromancer,3
user_267,Sapiens,4
user_192,The Hobbit,4
user_313,Crime and Punishment,3
user_44,Jane Eyre,5
user_202,The Kite Runner,5
user_62,Normal People,4
user_12,The Name of the Wind,3
user_96,Neuromancer,3
user_317,Sapiens,4
user_383,The Hound of the Baskervilles,3
user_335,Dune,4
user_116,A Brief History of Time,3
user_121,The Fellowship of the Ring,4
user_214,Crime and Punishment,3
user_207,Where the Crawdads Sing,4
user_142,Sapiens,4
user_382,Anna Karenina,3
user_286,Never Let Me Go,5
user_361,Mistborn,5
user_303,Foundation,3
user_30,Moby-Dick,4
user_103,The Hound of the Baskervilles,4
user_259,The Midnight Library,3
user_20,The Great Gatsby,2
user_126,Neuromancer,3
user_252,"Thinking, Fast and Slow",4
user_38,Dune,3
user_29,The Night Circus,2
user_391,Educated,3
user_341,Great Expectations,3
user_259,Never Let Me Go,4
user_290,In Cold Blood,3
user_351,Wuthering Heights,4
user_41,Ender's Game,4
user_260,The Kite Runner,4
user_395,To Kill a Mockingbird,4
user_55,Wuthering Heights,4
user_157,The Left Hand of Darkness,4
user_128,"Thinking, Fast and Slow",2
user_307,Rebecca,3
user_202,Sapiens,4
user_131,Never Let Me Go,5
user_168,Educated,3
user_390,Never Let Me Go,5
user_217,Mistborn,3
user_204,Normal People,4
user_307,The Hobbit,5
user_234,A Game of Thrones,5
user_39,Beloved,4
user_247,A Brief History of Time,4
user_350,Sapiens,2
user_160,A Little Life,3
user_160,The Da Vinci Code,3
user_21,Great Expectations,3
user_171,The Fellowship of the Ring,4
user_384,Jane Eyre,5
user_87,Never Let Me Go,5
user_334,The Silence of the Lambs,4
user_291,The Wright Brothers,5
user_42,The Immortal Life of Henrietta Lacks,4
user_98,The Hound of the Baskervilles,3
user_73,A Game of Thrones,4
user_312,Mistborn,3
user_251,The Wright Brothers,3
user_265,A Brief History of Time,4
user_166,War and Peace,3
user_355,And Then There Were None,2
user_65,Gone Girl,3
user_241,Educated,4
user_395,The Midnight Library,3
user_299,"Guns, Germs, and Steel",2
user_41,Dune,4
user_114,Dune,5
user_215,Educated,4
user_21,Ender's Game,4
user_176,A Little Life,3
user_31,The Name of the Wind,3
user_19,Circe,4
user_76,The Hobbit,5
user_355,Pride and Prejudice,4
user_109,The Hound of the Baskervilles,3
user_297,Rebecca,2
user_362,Gone Girl,4
user_84,The Da Vinci Code,3
user_352,"Guns, Germs, and Steel",3
user_389,Never Let Me Go,3
user_258,War and Peace,3
user_126,Dune,3
user_70,The Road,4
user_166,Rebecca,3
user_157,Anna Karenina,3
user_316,Wuthering Heights,3
user_225,A Brief History of Time,4
user_165,Foundation,4
user_133,A Brief History of Time,2
user_70,Ender's Game,4
user_319,Pride and Prejudice,3
user_102,Pride and Prejudice,3
user_228,Normal People,3
user_72,To Kill a Mockingbird,5
user_70,The Girl with the Dragon Tattoo,5
user_134,Rebecca,4
user_208,The Immortal Life of Henrietta Lacks,4
user_350,The Road,3
user_357,The Immortal Life of Henrietta Lacks,4
user_78,Where the Crawdads Sing,3
user_153,Jane Eyre,3
user_205,And Then There Were None,4
user_223,And Then There Were None,4
user_307,Normal People,4
user_268,To Kill a Mockingbird,4
user_253,The Road,4
user_324,Into Thin Air,2
user_225,The Immortal Life of Henrietta Lacks,4
user_115,The Hound of the Baskervilles,4
user_161,Foundation,4
user_268,The Great Gatsby,3
user_152,The Left Hand of Darkness,4
user_304,The Hobbit,4
user_128,Where the Crawdads Sing,3
user_173,"Thinking, Fast and Slow",4
user_92,A Game of Thrones,5
user_215,The Fellowship of the Ring,4
user_77,And Then There Were None,2
user_218,Ender's Game,4
user_102,Ender's Game,4
user_62,"Guns, Germs, and Steel",3
user_143,The Night Circus,1
user_79,Never Let Me Go,5
user_1,The Left Hand of Darkness,5
user_298,The Midnight Library,3
user_237,The Immortal Life of Henrietta Lacks,3
user_332,Beloved,3
user_113,In Cold Blood,5
user_168,Sapiens,4
user_258,The Night Circus,3
user_185,"Thinking, Fast and Slow",3
user_380,Into Thin Air,3
user_166,The Hound of the Baskervilles,3
user_256,"Guns, Germs, and Steel",3
user_376,Pride and Prejudice,3
user_333,The Name of the Wind,4
user_94,The Left Hand of Darkness,4
user_306,Beloved,5
user_206,The Immortal Life of Henrietta Lacks,3
user_295,Dune,4
user_252,The Great Gatsby,5
user_363,Mistborn,3
user_7,Mistborn,4
user_134,Dune,5
user_322,Anna Karenina,5
user_399,Sapiens,2
user_175,"Thinking, Fast and Slow",3
user_0,Neuromancer,4
user_14,In Cold Blood,5
user_21,Jane Eyre,3
user_70,Wuthering Heights,3
user_362,The Midnight Library,3
user_124,Into Thin Air,2
user_321,Ender's Game,5
user_247,The Kite Runner,3
user_327,And Then There Were None,3
user_236,The Road,4
user_156,Moby-Dick,3
user_249,The Night Circus,2
user_291,Foundation,4
user_191,Foundation,4
user_156,Dune,4
user_189,Gone Girl,3
user_106,A Brief History of Time,4
user_314,Sapiens,3
user_260,Sapiens,2
user_27,War and Peace,4
user_374,In Cold Blood,5
user_242,Sapiens,4
user_231,Jane Eyre,4
user_188,Ender's Game,4
user_158,Rebecca,5
user_248,Great Expectations,3
user_366,Normal People,2
user_332,Great Expectations,2
user_297,Mistborn,4
user_371,Rebecca,2
user_207,Mistborn,3
user_276,The Wright Brothers,4
user_301,Crime and Punishment,4
user_62,The Girl with the Dragon Tattoo,4
user_40,Beloved,5
user_173,Great Expectations,3
user_397,The Wright Brothers,4
user_348,The Road,5
user_136,The Da Vinci Code,3
user_287,To Kill a Mockingbird,5
user_317,Circe,3
user_198,"Guns, Germs, and Steel",3
user_284,The Night Circus,3
user_13,The Silence of the Lambs,4
user_76,Ender's Game,3
user_385,Gone Girl,4
user_112,Ender's Game,3
user_133,Into Thin Air,3
user_105,Moby-Dick,5
user_295,Circe,4
user_270,Moby-Dick,4
user_331,In Cold Blood,3
user_234,The Great Gatsby,4
user_134,Foundation,4
user_239,Educated,3
user_88,The Da Vinci Code,3
user_214,In Cold Blood,5
user_150,Normal People,3
user_196,The Hobbit,5
user_193,A Game of Thrones,5
user_255,To Kill a Mockingbird,5
user_115,The Immortal Life of Henrietta Lacks,4
user_294,The Da Vinci Code,4
user_271,Beloved,3
user_208,And Then There Were None,4
user_163,In Cold Blood,4
user_297,Never Let Me Go,5
user_48,The Great Gatsby,3
user_152,The Da Vinci Code,3
user_212,Where the Crawdads Sing,3
user_235,In Cold Blood,4
user_58,Wuthering Heights,5
user_315,Moby-Dick,4
user_95,Moby-Dick,5
user_88,A Game of Thrones,5
user_19,Ender's Game,4
user_111,The Da Vinci Code,3
user_319,Jane Eyre,5
user_125,A Game of Thrones,5
user_138,In Cold Blood,5
user_54,The Night Circus,2
user_311,And Then There Were None,3
user_83,The Hobbit,4
user_317,The Da Vinci Code,3
user_89,Beloved,5
user_268,A Game of Thrones,4
user_206,The Midnight Library,3
user_240,Mistborn,4
user_261,Circe,4
user_218,Sapiens,3
user_66,The Great Gatsby,4
user_396,The Da Vinci Code,4
user_226,Mistborn,2
user_384,The Fellowship of the Ring,5
user_289,The Midnight Library,3
user_360,Into Thin Air,4
user_129,Neuromancer,4
user_180,Educated,4
user_19,And Then There Were None,3
user_366,Crime and Punishment,3
user_100,Never Let Me Go,5
user_57,The Hobbit,5
user_221,The Fellowship of the Ring,4
user_272,A Game of Thrones,5
user_161,The Night Circus,3
user_53,Beloved,4
user_23,Wuthering Heights,4
user_227,Rebecca,3
user_251,"Guns, Germs, and Steel",3
user_372,Never Let Me Go,5
user_251,Educated,3
user_396,Normal People,3
user_358,A Brief History of Time,3
user_346,Crime and Punishment,4
user_36,"Thinking, Fast and Slow",3
user_207,Moby-Dick,2
user_201,Wuthering Heights,4
user_118,A Brief History of Time,3
user_249,The Silence of the Lambs,4
user_100,The Night Circus,3
user_104,Dune,4
user_271,The Name of the Wind,2
user_182,The Road,4
user_320,The Immortal Life of Henrietta Lacks,3
user_265,The Immortal Life of Henrietta Lacks,3
user_94,Anna Karenina,4
user_327,Beloved,3
user_23,The Girl with the Dragon Tattoo,5
user_31,Into Thin Air,2
user_183,Normal People,3
user_367,Rebecca,2
user_118,The Da Vinci Code,3
user_390,Great Expectations,4
user_259,The Night Circus,2
user_195,The Left Hand of Darkness,5
user_216,Rebecca,2
user_322,The Great Gatsby,4
user_376,Foundation,5
user_328,Jane Eyre,3
user_9,The Hound of the Baskervilles,3
user_29,And Then There Were None,4
user_285,Into Thin Air,3
user_235,Foundation,3
user_356,The Hobbit,4
user_212,The Girl with the Dragon Tattoo,3
user_30,Pride and Prejudice,3
user_380,Circe,4
user_378,The Hobbit,4
user_332,Wuthering Heights,3
user_117,Great Expectations,3
user_262,The Great Gatsby,4
user_119,A Little Life,3
user_191,"Guns, Germs, and Steel",4
user_368,The Girl with the Dragon Tattoo,4
user_372,Beloved,4
user_99,The Wright Brothers,2
user_289,Wuthering Heights,3
user_154,To Kill a Mockingbird,3
user_15,Foundation,3
user_344,The Left Hand of Darkness,4
user_346,The Road,4
user_249,The Girl with the Dragon Tattoo,4
user_345,Mistborn,2
user_365,Moby-Dick,4
user_330,Wuthering Heights,4
user_197,Foundation,4
user_273,The Da Vinci Code,4
user_57,Dune,4
user_336,Dune,5
user_220,The Midnight Library,3
user_27,Ender's Game,3
user_274,A Brief History of Time,2
user_324,The Silence of the Lambs,4
user_183,War and Peace,3
user_395,Circe,4
user_87,The Midnight Library,3
user_186,Beloved,5
user_297,Neuromancer,4
user_260,War and Peace,5
user_328,Moby-Dick,3
user_152,Rebecca,4
user_198,The Hound of the Baskervilles,4
user_299,The Girl with the Dragon Tattoo,4
user_192,Where the Crawdads Sing,5
user_76,The Midnight Library,3
user_15,Moby-Dick,5
user_321,Anna Karenina,2
user_329,The Girl with the Dragon Tattoo,5
user_95,Normal People,3
user_88,The Girl with the Dragon Tattoo,4
user_308,A Game of Thrones,5
user_22,The Name of the Wind,4
user_21,The Night Circus,3
user_13,Neuromancer,3
user_387,Great Expectations,3
user_394,The Left Hand of Darkness,5
user_20,And Then There Were None,2
user_183,Moby-Dick,4
user_111,The Silence of the Lambs,4
user_168,The Road,4
user_307,Foundation,4
user_359,Jane Eyre,4
user_337,Circe,3
user_59,The Hound of the Baskervilles,4
user_233,A Little Life,3
user_180,The Night Circus,3
user_62,Gone Girl,3
user_11,The Great Gatsby,3
user_348,Into Thin Air,3
user_56,War and Peace,3
user_225,The Great Gatsby,4
user_377,The Left Hand of Darkness,4
user_248,The Silence of the Lambs,3
user_210,Foundation,3
user_136,The Midnight Library,3
user_102,Where the Crawdads Sing,4
user_297,Circe,4
user_199,A Little Life,4
user_306,War and Peace,4
user_267,To Kill a Mockingbird,5
user_69,Never Let Me Go,5
user_263,And Then There Were None,3
user_63,The Great Gatsby,3
user_387,Anna Karenina,3
user_185,The Midnight Library,3
user_245,The Da Vinci Code,4
user_320,The Name of the Wind,4
user_336,Where the Crawdads Sing,5
user_280,Sapiens,4
user_316,Sapiens,3
user_165,The Hound of the Baskervilles,4
user_371,Educated,4
user_236,The Hobbit,5
user_186,"Thinking, Fast and Slow",4
user_19,Moby-Dick,4
user_101,Great Expectations,3
user_11,Rebecca,4
user_137,A Game of Thrones,5
user_2,And Then There Were None,3
user_192,The Wright Brothers,4
user_92,Where the Crawdads Sing,5
user_23,"Guns, Germs, and Steel",3
user_264,A Game of Thrones,4
user_287,Rebecca,5
user_215,The Silence of the Lambs,4
user_390,The Kite Runner,3
user_5,Great Expectations,2
user_244,Great Expectations,3
user_359,Normal People,3
user_181,The Road,4
user_338,The Immortal Life of Henrietta Lacks,4
user_171,The Silence of the Lambs,4
user_343,Sapiens,3
user_399,Dune,4
user_380,The Name of the Wind,3
user_139,The Kite Runner,4
user_313,Neuromancer,4
user_147,Pride and Prejudice,4
user_7,A Brief History of Time,3
user_185,Great Expectations,3
user_41,The Great Gatsby,3
user_122,Ender's Game,4
user_250,Gone Girl,2
user_184,The Kite Runner,3
user_344,Ender's Game,3
user_225,"Guns, Germs, and Steel",3
user_199,The Da Vinci Code,4
user_325,Gone Girl,4
user_388,Where the Crawdads Sing,4
user_236,The Immortal Life of Henrietta Lacks,4
user_117,Foundation,3
user_102,War and Peace,5
user_220,Gone Girl,3
user_239,The Hound of the Baskervilles,3
user_325,The Road,5
user_198,Sapiens,3
user_257,The Immortal Life of Henrietta Lacks,3
user_337,Crime and Punishment,3
user_268,Ender's Game,3
user_235,Rebecca,2
user_194,To Kill a Mockingbird,4
user_111,Into Thin Air,3
user_69,Educated,3
user_86,Great Expectations,3
user_14,The Hound of the Baskervilles,4
user_341,The Da Vinci Code,3
user_289,Never Let Me Go,3
user_226,The Silence of the Lambs,4
user_100,Neuromancer,3
user_126,"Thinking, Fast and Slow",2
user_50,In Cold Blood,5
user_181,The Girl with the Dragon Tattoo,4
user_345,The Silence of the Lambs,4
user_37,Gone Girl,4
user_282,War and Peace,4
user_316,The Kite Runner,3
user_213,The Great Gatsby,2
user_106,The Left Hand of Darkness,5
user_146,The Girl with the Dragon Tattoo,4
user_6,The Da Vinci Code,3
user_278,The Name of the Wind,3
user_176,A Game of Thrones,5
user_338,And Then There Were None,3
user_304,The Silence of the Lambs,4
user_381,Ender's Game,4
user_337,The Da Vinci Code,4
user_65,The Left Hand of Darkness,4
user_142,Mistborn,4
user_75,Anna Karenina,3
user_361,The Kite Runner,5
user_166,Great Expectations,2
user_41,Crime and Punishment,4
user_219,The Wright Brothers,3
user_231,The Midnight Library,3
user_236,The Great Gatsby,3
user_32,The Left Hand of Darkness,4
user_76,Circe,4
user_284,Gone Girl,4
user_222,The Name of the Wind,3
user_265,Ender's Game,4
user_261,Great Expectations,4
user_37,Crime and Punishment,3
user_302,A Little Life,3
user_270,The Da Vinci Code,3
user_105,Normal People,2
user_5,The Left Hand of Darkness,4
user_331,Crime and Punishment,3
user_264,Dune,4
user_381,The Kite Runner,3
user_360,The Wright Brothers,5
user_5,Never Let Me Go,4
user_236,Anna Karenina,4
user_25,Gone Girl,4
user_190,Circe,4
user_53,The Midnight Library,4
user_372,"Thinking, Fast and Slow",3
user_149,Educated,4
user_168,To Kill a Mockingbird,4
user_29,The Fellowship of the Ring,4
user_353,A Game of Thrones,5
user_134,Ender's Game,3
user_367,Moby-Dick,4
user_250,Where the Crawdads Sing,3
user_211,War and Peace,4
user_111,"Thinking, Fast and Slow",3
user_223,The Left Hand of Darkness,5
user_293,"Guns, Germs, and Steel",3
user_334,Rebecca,4
user_1,A Brief History of Time,5
user_21,A Brief History of Time,3
user_26,The Road,3
user_14,Never Let Me Go,5
user_217,The Night Circus,3
user_254,Foundation,3
user_91,Anna Karenina,4
user_302,Moby-Dick,5
user_106,The Immortal Life of Henrietta Lacks,3
user_139,The Midnight Library,3
user_332,The Kite Runner,3
user_188,The Midnight Library,3
user_62,Where the Crawdads Sing,4
user_199,The Night Circus,3
user_285,The Midnight Library,4
user_393,Dune,4
user_305,The Name of the Wind,5
user_219,The Road,3
user_292,And Then There Were None,3
user_44,The Hobbit,5
user_20,Foundation,3
user_371,Gone Girl,3
user_104,Anna Karenina,3
user_227,"Guns, Germs, and Steel",3
user_383,The Night Circus,2
user_385,The Night Circus,4
user_347,A Little Life,4
user_68,A Game of Thrones,4
user_268,The Fellowship of the Ring,4
user_353,A Little Life,3
user_26,Great Expectations,2
user_144,The Silence of the Lambs,4
user_347,The Hobbit,5
user_44,Normal People,4
user_317,Into Thin Air,3
user_260,The Road,3
user_12,Never Let Me Go,5
user_232,The Great Gatsby,3
user_109,To Kill a Mockingbird,3
user_55,The Great Gatsby,3
user_212,In Cold Blood,3
user_46,Sapiens,3
user_18,Great Expectations,3
user_3,The Midnight Library,3
user_260,"Thinking, Fast and Slow",4
user_104,The Left Hand of Darkness,5
user_364,Educated,2
user_144,The Hound of the Baskervilles,4
user_135,The Name of the Wind,5
user_332,A Brief History of Time,4
user_346,A Little Life,2
user_141,The Kite Runner,2
user_264,Moby-Dick,4
user_216,The Da Vinci Code,3
user_20,The Midnight Library,2
user_310,Anna Karenina,4
user_352,And Then There Were None,3
user_102,Normal People,3
user_234,Moby-Dick,5
user_133,Educated,3
user_351,The Wright Brothers,4
user_194,Jane Eyre,5
user_237,Moby-Dick,4
user_72,Sapiens,3
user_120,Jane Eyre,4
user_13,Rebecca,2
user_254,The Girl with the Dragon Tattoo,4
user_45,Where the Crawdads Sing,4
user_201,Dune,5
user_203,The Girl with the Dragon Tattoo,5
user_334,Neuromancer,3
user_176,War and Peace,3
user_249,Anna Karenina,3
user_275,Ender's Game,4
user_149,Dune,4
user_217,Neuromancer,3
user_263,The Da Vinci Code,3
user_53,Anna Karenina,5
user_279,Crime and Punishment,3
user_217,The Great Gatsby,3
user_189,In Cold Blood,4
user_140,The Wright Brothers,4
user_52,Neuromancer,3
user_117,The Midnight Library,3
user_390,Moby-Dick,4
user_297,Wuthering Heights,3
user_56,"Thinking, Fast and Slow",2
user_387,The Name of the Wind,4
user_6,Where the Crawdads Sing,4
user_190,Where the Crawdads Sing,4
user_361,The Girl with the Dragon Tattoo,5
user_31,The Left Hand of Darkness,5
user_214,To Kill a Mockingbird,4
user_201,In Cold Blood,5
user_67,Circe,4
user_340,The Great Gatsby,4
user_53,Rebecca,3
user_93,Normal People,4
user_105,The Great Gatsby,3
user_120,In Cold Blood,5
user_13,Never Let Me Go,3
user_51,Where the Crawdads Sing,4
user_81,Wuthering Heights,3
user_279,Great Expectations,3
user_91,The Night Circus,3
user_255,A Game of Thrones,5
user_382,The Hobbit,5
user_360,The Da Vinci Code,4
user_130,Crime and Punishment,3
user_55,Neuromancer,4
user_279,The Immortal Life of Henrietta Lacks,3
user_320,Pride and Prejudice,3
user_323,Great Expectations,2
user_336,The Name of the Wind,4
user_376,Ender's Game,4
user_306,The Fellowship of the Ring,4
user_250,A Brief History of Time,2
user_141,Gone Girl,3
user_50,Where the Crawdads Sing,3
user_65,Never Let Me Go,5
user_342,The Name of the Wind,4
user_275,The Night Circus,3
user_191,Beloved,4
user_10,The Night Circus,3
user_27,Foundation,4
user_363,And Then There Were None,4
user_346,The Silence of the Lambs,4
user_144,A Brief History of Time,3
user_134,The Road,5
user_342,Into Thin Air,5
user_35,The Left Hand of Darkness,5
user_357,Normal People,3
user_163,Mistborn,3
user_118,Into Thin Air,4
user_106,Circe,4
user_240,Gone Girl,3
user_55,In Cold Blood,5
user_337,A Little Life,2
user_394,Jane Eyre,4
user_32,The Immortal Life of Henrietta Lacks,4
user_14,Mistborn,3
user_4,The Girl with the Dragon Tattoo,4
user_56,To Kill a Mockingbird,3
user_55,The Hobbit,5
user_317,The Hound of the Baskervilles,4
user_300,Beloved,5
user_93,The Name of the Wind,4
user_258,The Wright Brothers,4
user_274,Into Thin Air,3
user_128,The Road,4
user_208,The Fellowship of the Ring,4
user_135,To Kill a Mockingbird,5
user_204,The Da Vinci Code,5
user_336,In Cold Blood,5
user_339,Anna Karenina,4
user_396,Mistborn,3
user_378,"Thinking, Fast and Slow",3
user_48,Beloved,4
user_123,Circe,3
user_30,Where the Crawdads Sing,4
user_178,Where the Crawdads Sing,5
user_107,Rebecca,3
user_246,War and Peace,4
user_273,The Kite Runner,4
user_90,Circe,5
user_179,"Thinking, Fast and Slow",4
user_96,To Kill a Mockingbird,3
user_101,The Wright Brothers,3
user_3,The Hound of the Baskervilles,3
user_275,The Girl with the Dragon Tattoo,5
user_37,Foundation,4
user_215,"Guns, Germs, and Steel",4
user_274,The Da Vinci Code,3
user_16,A Little Life,2
user_53,The Fellowship of the Ring,4
user_198,A Little Life,4
user_294,The Road,4
user_68,The Silence of the Lambs,3
user_340,A Little Life,3
user_145,Circe,3
user_199,Gone Girl,4
user_117,Wuthering Heights,3
user_171,Gone Girl,3
user_197,The Left Hand of Darkness,5
user_120,Pride and Prejudice,4
user_302,War and Peace,3
user_385,"Guns, Germs, and Steel",4
user_306,Educated,4
user_24,Wuthering Heights,3
user_118,The Great Gatsby,4
user_276,And Then There Were None,3
user_287,Crime and Punishment,4
user_164,The Name of the Wind,2
user_167,The Road,4
user_397,Great Expectations,3
user_218,The Kite Runner,4
user_25,Never Let Me Go,4
user_358,Pride and Prejudice,3
user_155,A Game of Thrones,5
user_219,Into Thin Air,2
user_379,And Then There Were None,4
user_189,The Immortal Life of Henrietta Lacks,2
user_272,Wuthering Heights,3
user_320,The Kite Runner,3
user_43,Rebecca,4
user_209,Foundation,2
user_190,Educated,3
user_183,The Fellowship of the Ring,4
user_389,The Name of the Wind,3
user_268,Rebecca,4
user_55,Great Expectations,5
user_387,Where the Crawdads Sing,4
user_211,The Kite Runner,4
user_34,A Game of Thrones,5
user_386,Where the Crawdads Sing,4
user_284,The Great Gatsby,4
user_275,"Thinking, Fast and Slow",3
user_197,Never Let Me Go,4
user_360,In Cold Blood,4
user_296,The Road,3
user_310,The Kite Runner,4
user_132,Jane Eyre,4
user_384,The Girl with the Dragon Tattoo,4
user_104,Rebecca,3
user_155,A Brief History of Time,3
user_255,Mistborn,3
user_343,Wuthering Heights,3
user_295,The Fellowship of the Ring,3
user_75,The Name of the Wind,3
user_350,Circe,4
user_308,The Silence of the Lambs,4
user_38,Gone Girl,4
user_93,Never Let Me Go,5
user_106,The Road,5
user_106,In Cold Blood,4
user_127,The Midnight Library,3
user_65,The Night Circus,2
user_301,Wuthering Heights,4
user_81,The Silence of the Lambs,4
user_353,The Name of the Wind,4
user_226,Crime and Punishment,3
user_110,The Hound of the Baskervilles,4
user_89,Rebecca,3
user_121,The Road,3
user_276,War and Peace,3
user_80,Ender's Game,3
user_385,"Thinking, Fast and Slow",3
user_67,Gone Girl,4
user_20,The Night Circus,2
user_161,The Midnight Library,2
user_275,Never Let Me Go,5
user_159,The Great Gatsby,3
user_314,Foundation,3
user_14,Ender's Game,3
user_386,A Brief History of Time,4
user_167,A Game of Thrones,5
user_264,The Da Vinci Code,3
user_185,The Silence of the Lambs,4
user_24,To Kill a Mockingbird,5
user_272,Gone Girl,4
user_319,The Left Hand of Darkness,5
user_296,The Name of the Wind,4
user_161,Into Thin Air,4
user_159,Normal People,3
user_328,Circe,4
user_38,A Game of Thrones,4
user_201,The Hound of the Baskervilles,4
user_120,The Name of the Wind,3
user_5,Wuthering Heights,3
user_183,A Brief History of Time,3
user_242,"Guns, Germs, and Steel",3
user_53,Ender's Game,3
user_397,Sapiens,4
user_363,The Immortal Life of Henrietta Lacks,4
user_109,War and Peace,4
user_318,The Immortal Life of Henrietta Lacks,3
user_32,Never Let Me Go,4
user_232,Educated,3
user_257,The Silence of the Lambs,4
user_16,And Then There Were None,3
user_281,The Night Circus,2
user_103,A Little Life,3
user_181,The Silence of the Lambs,2
user_266,Educated,3
user_335,The Da Vinci Code,3
user_29,Rebecca,3
user_171,The Girl with the Dragon Tattoo,4
user_50,The Midnight Library,3
user_131,The Great Gatsby,4
user_293,Crime and Punishment,3
user_43,Moby-Dick,5
user_373,The Great Gatsby,3
user_33,Wuthering Heights,2
user_215,A Brief History of Time,4
user_262,The Name of the Wind,4
user_158,The Night Circus,2
user_290,Jane Eyre,3
user_309,The Da Vinci Code,3
user_374,Normal People,3
user_109,Gone Girl,3
user_280,"Guns, Germs, and Steel",3
user_290,Never Let Me Go,3
user_285,Moby-Dick,4
user_308,The Road,3
user_344,A Brief History of Time,4
user_221,In Cold Blood,5
user_314,The Silence of the Lambs,4
user_196,A Little Life,3
user_266,The Da Vinci Code,3
user_153,A Brief History of Time,3
user_297,The Fellowship of the Ring,4
user_49,Beloved,4
user_27,And Then There Were None,3
user_229,Beloved,4
user_128,The Night Circus,2
user_356,The Girl with the Dragon Tattoo,3
user_222,Moby-Dick,4
user_73,A Brief History of Time,3
user_201,Great Expectations,3
user_192,The Great Gatsby,4
user_389,Normal People,3
user_363,Neuromancer,4
user_43,Wuthering Heights,4
user_384,Never Let Me Go,5
user_237,The Midnight Library,3
user_375,Where the Crawdads Sing,5
user_184,The Night Circus,3
user_83,The Kite Runner,3
user_182,The Midnight Library,4
user_296,Jane Eyre,4
user_384,Dune,5
user_169,The Da Vinci Code,3
user_376,Sapiens,3
user_7,The Midnight Library,4
user_182,War and Peace,5
user_84,The Midnight Library,2
user_367,Never Let Me Go,3
user_22,Dune,5
user_179,Ender's Game,3
user_7,The Road,4
user_106,Foundation,3
user_153,The Hound of the Baskervilles,4
user_334,Crime and Punishment,2
user_206,The Great Gatsby,2
user_397,The Left Hand of Darkness,5
user_82,Beloved,4
user_193,Normal People,4
user_133,Mistborn,3
user_293,The Road,4
user_8,Anna Karenina,4
user_176,Educated,4
user_171,"Thinking, Fast and Slow",3
user_135,Sapiens,4
user_113,"Thinking, Fast and Slow",5
user_392,In Cold Blood,5
user_280,The Girl with the Dragon Tattoo,5
user_36,Great Expectations,3
user_392,Rebecca,3
user_360,To Kill a Mockingbird,4
user_350,Anna Karenina,4
user_270,A Game of Thrones,5
user_101,The Hobbit,4
user_140,In Cold Blood,5
user_83,Beloved,3
user_200,"Guns, Germs, and Steel",3
user_152,The Fellowship of the Ring,3
user_10,Sapiens,3
user_311,"Guns, Germs, and Steel",3
user_13,The Midnight Library,3
user_133,Jane Eyre,3
user_43,Sapiens,3
user_190,The Wright Brothers,3
user_238,Into Thin Air,2
user_76,Neuromancer,3
user_175,The Kite Runner,2
user_52,Foundation,4
user_201,The Fellowship of the Ring,4
user_69,"Thinking, Fast and Slow",3
user_229,"Guns, Germs, and Steel",2
user_339,Dune,5
user_158,"Guns, Germs, and Steel",4
user_292,Sapiens,4
user_72,Beloved,3
user_343,Dune,4
user_349,The Midnight Library,1
user_300,The Hobbit,5
user_253,Beloved,4
user_21,The Da Vinci Code,2
user_128,A Little Life,3
user_112,Neuromancer,3
user_390,And Then There Were None,3
user_188,Where the Crawdads Sing,4
user_233,Gone Girl,4
user_351,"Guns, Germs, and Steel",4
user_59,Circe,3
user_168,A Little Life,3
user_315,Great Expectations,4
user_368,In Cold Blood,5
user_316,The Immortal Life of Henrietta Lacks,3
user_370,"Thinking, Fast and Slow",3
user_99,The Kite Runner,2
user_336,The Girl with the Dragon Tattoo,5
user_371,The Hobbit,3
user_34,Great Expectations,2
user_323,And Then There Were None,3
user_219,The Left Hand of Darkness,5
user_372,A Little Life,4
user_266,The Hound of the Baskervilles,3
user_322,Dune,5
user_283,"Guns, Germs, and Steel",3
user_203,In Cold Blood,5
user_94,Beloved,4
user_336,War and Peace,4
user_382,"Thinking, Fast and Slow",4
user_158,The Name of the Wind,4
user_229,The Girl with the Dragon Tattoo,5
user_248,The Wright Brothers,3
user_399,A Game of Thrones,4
user_86,Jane Eyre,5
user_69,Neuromancer,3
user_133,Pride and Prejudice,3
user_82,To Kill a Mockingbird,5
user_154,Circe,4
user_154,Educated,3
user_394,Circe,3
user_332,The Da Vinci Code,3
user_262,The Night Circus,2
user_240,Moby-Dick,4
user_327,A Brief History of Time,2
user_321,A Little Life,3
user_1,Pride and Prejudice,3
user_78,Pride and Prejudice,3
user_392,The Wright Brothers,3
user_246,Moby-Dick,5
user_136,Mistborn,4
user_271,The Silence of the Lambs,3
user_78,The Road,3
user_267,Pride and Prejudice,5
user_298,The Hound of the Baskervilles,4
user_224,Neuromancer,4
user_386,The Left Hand of Darkness,5
user_298,The Silence of the Lambs,5
user_126,Beloved,4
user_390,Anna Karenina,4
user_95,Jane Eyre,5
user_255,"Guns, Germs, and Steel",2
user_249,Normal People,2
user_293,The Fellowship of the Ring,4
user_291,Rebecca,3
user_141,The Silence of the Lambs,4
user_274,The Fellowship of the Ring,4
user_199,The Girl with the Dragon Tattoo,4
user_332,Rebecca,3
user_29,The Name of the Wind,2
user_142,Anna Karenina,4
user_130,The Name of the Wind,3
user_246,Sapiens,3
user_109,Normal People,4
user_308,Great Expectations,3
user_2,Rebecca,3
user_177,Crime and Punishment,2
user_282,Jane Eyre,3
user_63,The Midnight Library,2
user_282,The Midnight Library,4
user_108,The Road,3
user_59,Foundation,3
user_93,"Guns, Germs, and Steel",3
user_44,The Great Gatsby,4
user_297,The Kite Runner,4
user_186,Ender's Game,3
user_279,The Kite Runner,2
user_62,Anna Karenina,4
user_251,Normal People,3
user_328,Gone Girl,4
user_208,Into Thin Air,4
user_324,Educated,4
user_332,The Night Circus,2
user_137,Where the Crawdads Sing,4
user_52,Wuthering Heights,4
user_263,A Game of Thrones,5
user_346,Pride and Prejudice,4
user_353,Sapiens,4
user_353,The Kite Runner,3
user_308,"Guns, Germs, and Steel",2
user_272,The Road,4
user_51,Beloved,3
user_343,The Hobbit,5
user_297,The Da Vinci Code,2
user_315,Rebecca,3
user_319,Never Let Me Go,4
user_217,In Cold Blood,4
user_292,Pride and Prejudice,3
user_177,The Fellowship of the Ring,4
user_344,Normal People,4
user_254,Crime and Punishment,3
user_181,The Da Vinci Code,4
user_147,Normal People,3
user_214,Anna Karenina,4
user_19,Rebecca,3
user_55,Pride and Prejudice,5
user_245,Never Let Me Go,5
user_116,The Name of the Wind,4
user_293,And Then There Were None,4
user_339,The Name of the Wind,4
user_169,The Night Circus,3
user_244,And Then There Were None,3
user_133,The Hobbit,3
user_202,The Da Vinci Code,3
user_37,The Hound of the Baskervilles,3
user_195,The Girl with the Dragon Tattoo,5
user_252,Where the Crawdads Sing,4
user_169,The Girl with the Dragon Tattoo,4
user_326,Mistborn,3
user_1,Beloved,5
user_250,A Little Life,2
user_320,The Da Vinci Code,4
user_22,Mistborn,4
user_259,War and Peace,2
user_43,The Fellowship of the Ring,4
user_89,Mistborn,5
user_312,War and Peace,3
user_74,Pride and Prejudice,5
user_55,The Fellowship of the Ring,4
user_144,Moby-Dick,3
user_380,To Kill a Mockingbird,4
user_189,The Wright Brothers,2
user_5,In Cold Blood,4
user_286,Normal People,3
user_292,The Da Vinci Code,3
user_349,"Thinking, Fast and Slow",3
user_219,Educated,5
user_251,The Night Circus,3
user_40,"Guns, Germs, and Steel",3
user_159,The Name of the Wind,3
user_55,The Name of the Wind,2
user_216,Great Expectations,3
user_398,Where the Crawdads Sing,4
user_41,Never Let Me Go,4
user_307,The Da Vinci Code,4
user_77,Sapiens,3
user_219,Mistborn,4
user_331,The Name of the Wind,2
user_115,Into Thin Air,3
user_56,Anna Karenina,4
user_378,Beloved,4
user_247,The Hobbit,3
user_216,Into Thin Air,2
user_289,"Guns, Germs, and Steel",3
user_105,The Da Vinci Code,2
user_378,The Girl with the Dragon Tattoo,3
user_217,Where the Crawdads Sing,3
user_353,The Girl with the Dragon Tattoo,5
user_23,The Left Hand of Darkness,5
user_150,Anna Karenina,3
user_373,Pride and Prejudice,3
user_209,The Girl with the Dragon Tattoo,4
user_79,Moby-Dick,5
user_208,The Road,4
user_355,"Thinking, Fast and Slow",3
user_226,Dune,5
user_227,The Immortal Life of Henrietta Lacks,5
user_103,The Wright Brothers,5
user_230,Circe,3
user_34,Dune,5
user_333,The Hobbit,4
user_128,Neuromancer,3
user_335,Circe,3
user_210,The Girl with the Dragon Tattoo,4
user_102,The Night Circus,3
user_211,Mistborn,3
user_149,Foundation,4
user_226,In Cold Blood,3
user_295,Into Thin Air,2
user_280,The Hobbit,4
user_355,Into Thin Air,4
user_197,Circe,4
user_52,To Kill a Mockingbird,4
user_357,Gone Girl,2
user_111,Where the Crawdads Sing,4
user_75,The Great Gatsby,3
user_145,The Fellowship of the Ring,3
user_310,Sapiens,3
user_237,The Great Gatsby,3
user_275,Beloved,4
user_123,Normal People,4
user_199,Moby-Dick,5
user_220,Where the Crawdads Sing,4
user_317,"Guns, Germs, and Steel",3
user_394,Great Expectations,3
user_90,Dune,5
user_68,Never Let Me Go,3
user_344,"Thinking, Fast and Slow",3
user_7,Pride and Prejudice,5
user_59,The Left Hand of Darkness,5
user_98,And Then There Were None,2
user_217,Ender's Game,4
user_121,Circe,3
user_142,The Silence of the Lambs,3
user_112,Dune,3
user_36,Neuromancer,3
user_88,Pride and Prejudice,4
user_52,In Cold Blood,4
user_376,A Little Life,4
user_103,The Fellowship of the Ring,5
user_312,The Left Hand of Darkness,4
user_156,Never Let Me Go,4
user_93,Great Expectations,4
user_372,Ender's Game,3
user_229,Circe,3
user_40,Rebecca,4
user_394,Where the Crawdads Sing,5
user_151,The Kite Runner,4
user_19,Mistborn,2
user_171,Pride and Prejudice,5
user_89,The Night Circus,4
user_80,Pride and Prejudice,4
user_253,The Left Hand of Darkness,4
user_128,Wuthering Heights,2
user_50,Into Thin Air,3
user_289,And Then There Were None,2
user_309,Circe,4
user_98,In Cold Blood,3
user_228,Rebecca,3
user_397,The Great Gatsby,4
user_55,Dune,5
user_117,The Immortal Life of Henrietta Lacks,3
user_300,Dune,5
user_205,Rebecca,4
user_358,"Guns, Germs, and Steel",3
user_309,Normal People,2
user_305,Into Thin Air,4
user_367,The Da Vinci Code,3
user_382,Foundation,3
user_72,Never Let Me Go,3
user_185,Rebecca,3
user_123,Never Let Me Go,3
user_197,"Guns, Germs, and Steel",4
user_160,Rebecca,2
user_238,Neuromancer,3
user_325,The Girl with the Dragon Tattoo,4
user_2,Normal People,4
user_310,Where the Crawdads Sing,4
user_88,Dune,5
user_36,Beloved,4
user_229,Mistborn,2
user_347,Beloved,5
user_221,To Kill a Mockingbird,4
user_143,Mistborn,4
user_182,The Night Circus,2
user_3,The Great Gatsby,2
user_208,Rebecca,2
user_11,Foundation,4
user_147,Where the Crawdads Sing,4
user_291,Dune,5
user_352,A Game of Thrones,5
user_110,The Girl with the Dragon Tattoo,4
user_305,Anna Karenina,4
user_244,A Brief History of Time,4
user_97,Into Thin Air,4
user_381,The Hound of the Baskervilles,3
user_308,Educated,4
user_229,Anna Karenina,4
user_158,Dune,5
user_241,War and Peace,5
user_283,Neuromancer,3
user_272,Ender's Game,4
user_373,The Immortal Life of Henrietta Lacks,4
user_272,Rebecca,4
user_321,Neuromancer,4
user_247,Neuromancer,3
user_77,The Left Hand of Darkness,5
user_368,A Game of Thrones,5
user_257,The Midnight Library,4
user_51,Anna Karenina,4
user_72,"Guns, Germs, and Steel",3
user_274,Jane Eyre,4
user_138,The Hobbit,5
user_178,Gone Girl,3
user_276,Foundation,4
user_306,Jane Eyre,4
user_332,Crime and Punishment,4
user_260,Rebecca,3
user_26,Anna Karenina,4
user_132,Into Thin Air,4
user_356,Normal People,2
user_395,"Thinking, Fast and Slow",3
user_117,Neuromancer,3
user_183,The Hobbit,4
user_341,To Kill a Mockingbird,4
user_69,Foundation,3
user_35,The Da Vinci Code,3
user_248,Normal People,3
user_23,The Night Circus,3
user_62,A Little Life,4
user_30,The Girl with the Dragon Tattoo,3
user_91,Crime and Punishment,4
user_215,The Night Circus,3
user_360,War and Peace,4
user_145,The Kite Runner,3
user_184,Rebecca,3
user_284,War and Peace,4
user_338,The Da Vinci Code,3
user_256,Ender's Game,4
user_136,The Hobbit,4
user_272,Where the Crawdads Sing,5
user_295,Jane Eyre,4
user_143,A Game of Thrones,5
user_15,Where the Crawdads Sing,5
user_307,The Name of the Wind,3
user_367,Great Expectations,3
user_206,Moby-Dick,3
user_96,A Game of Thrones,5
user_202,Crime and Punishment,4
user_81,Gone Girl,3
user_281,Anna Karenina,3
user_84,Neuromancer,4
user_358,A Little Life,3
user_359,"Guns, Germs, and Steel",2
user_300,Where the Crawdads Sing,5
user_305,Foundation,3
user_383,Crime and Punishment,3
user_224,To Kill a Mockingbird,5
user_320,Ender's Game,2
user_247,The Name of the Wind,1
user_123,Mistborn,3
user_318,Sapiens,3
user_190,A Little Life,3
user_216,The Fellowship of the Ring,4
user_349,Mistborn,3
user_289,Educated,4
user_151,A Brief History of Time,4
user_141,The Immortal Life of Henrietta Lacks,3
user_303,Neuromancer,4
user_138,The Hound of the Baskervilles,3
user_141,Jane Eyre,4
user_93,The Road,4
user_211,Anna Karenina,5
user_69,The Night Circus,4
user_122,Rebecca,4
user_21,Anna Karenina,3
user_225,The Wright Brothers,3
user_66,Where the Crawdads Sing,4
user_110,War and Peace,4
user_333,Pride and Prejudice,4
user_254,Educated,4
user_8,The Girl with the Dragon Tattoo,2
user_296,The Great Gatsby,4
user_362,Mistborn,3
user_5,And Then There Were None,3
user_308,Never Let Me Go,5
user_398,The Left Hand of Darkness,4
user_184,In Cold Blood,4
user_346,Gone Girl,3
user_134,The Da Vinci Code,4
user_367,Sapiens,3
user_388,"Guns, Germs, and Steel",4
user_73,Rebecca,3
user_375,In Cold Blood,5
user_323,Mistborn,4
user_56,Never Let Me Go,4
user_253,Rebecca,3
user_152,The Hobbit,4
user_111,The Immortal Life of Henrietta Lacks,4
user_5,The Wright Brothers,3
user_115,The Hobbit,4
user_94,Crime and Punishment,3
user_234,The Girl with the Dragon Tattoo,4
user_54,Mistborn,3
user_242,To Kill a Mockingbird,4
user_176,Into Thin Air,4
user_398,Neuromancer,3
user_230,A Little Life,3
user_390,"Guns, Germs, and Steel",3
user_20,The Da Vinci Code,2
user_78,To Kill a Mockingbird,5
user_191,Jane Eyre,4
user_109,Anna Karenina,4
user_166,Ender's Game,3
user_84,And Then There Were None,3
user_219,"Thinking, Fast and Slow",3
user_200,The Wright Brothers,3
user_51,"Guns, Germs, and Steel",2
user_214,The Name of the Wind,3
user_379,The Hobbit,4
user_287,"Guns, Germs, and Steel",4
user_270,And Then There Were None,2
user_50,The Silence of the Lambs,4
user_278,The Girl with the Dragon Tattoo,3
user_296,Dune,5
user_164,The Girl with the Dragon Tattoo,4
user_377,Circe,4
user_328,"Thinking, Fast and Slow",4
user_54,Rebecca,4
user_11,Moby-Dick,4
user_313,The Great Gatsby,3
user_219,Wuthering Heights,2
user_74,Neuromancer,4
user_346,Wuthering Heights,4
user_235,Anna Karenina,4
user_39,Foundation,4
user_139,Moby-Dick,4
user_51,The Left Hand of Darkness,4
user_249,A Game of Thrones,4
user_394,To Kill a Mockingbird,4
user_77,The Hobbit,3
user_309,"Guns, Germs, and Steel",2
user_197,The Name of the Wind,3
user_76,War and Peace,4
user_246,Gone Girl,3
user_24,A Brief History of Time,3
user_392,The Left Hand of Darkness,4
user_361,"Thinking, Fast and Slow",4
user_305,The Da Vinci Code,3
user_183,Crime and Punishment,3
user_205,Dune,4
user_383,Moby-Dick,4
user_149,Rebecca,3
user_309,The Left Hand of Darkness,4
user_311,To Kill a Mockingbird,3
user_3,And Then There Were None,3
user_146,The Kite Runner,4
user_243,Never Let Me Go,5
user_1,The Hound of the Baskervilles,4
user_392,The Kite Runner,3
user_59,War and Peace,4
user_201,Circe,5
user_379,A Game of Thrones,5
user_244,Pride and Prejudice,3
user_258,A Game of Thrones,5
user_127,The Silence of the Lambs,4
user_249,Jane Eyre,3
user_366,A Brief History of Time,3
user_242,The Hound of the Baskervilles,4
user_26,Jane Eyre,3
user_216,The Hobbit,4
user_134,In Cold Blood,4
user_23,Educated,4
user_134,The Hobbit,4
user_99,Beloved,3
user_345,Sapiens,2
user_46,Rebecca,3
user_122,Anna Karenina,3
user_241,The Midnight Library,5
user_324,Anna Karenina,4
user_58,Neuromancer,4
user_147,Gone Girl,4
user_352,Educated,4
user_142,Moby-Dick,3
user_311,The Hound of the Baskervilles,4
user_361,The Night Circus,4
user_113,The Name of the Wind,3
user_326,Into Thin Air,3
user_103,Beloved,5
user_192,The Hound of the Baskervilles,4
user_189,Jane Eyre,3
user_229,To Kill a Mockingbird,4
user_102,The Da Vinci Code,3
user_163,The Immortal Life of Henrietta Lacks,4
user_278,Pride and Prejudice,4
user_193,Jane Eyre,4
user_64,Never Let Me Go,5
user_3,Educated,3
user_351,Jane Eyre,4
user_342,A Game of Thrones,5
user_66,The Girl with the Dragon Tattoo,5
user_329,The Wright Brothers,4
user_395,A Game of Thrones,5
user_314,The Wright Brothers,3
user_273,A Game of Thrones,5
user_389,The Hobbit,5
user_45,Great Expectations,2
user_164,Sapiens,3
user_382,Great Expectations,2
user_135,A Brief History of Time,4
user_280,War and Peace,4
user_371,The Road,3
user_12,Ender's Game,3
user_224,Crime and Punishment,3
user_69,The Name of the Wind,3
user_346,The Immortal Life of Henrietta Lacks,3
user_183,Into Thin Air,3
user_110,The Fellowship of the Ring,3
user_47,Foundation,4
user_238,Rebecca,3
user_329,Sapiens,3
user_128,A Game of Thrones,4
user_108,And Then There Were None,4
user_200,To Kill a Mockingbird,3
user_16,War and Peace,4
user_100,The Left Hand of Darkness,4
user_385,The Da Vinci Code,3
user_165,The Left Hand of Darkness,4
user_9,Moby-Dick,4
user_218,Mistborn,4
user_117,War and Peace,4
user_188,The Hobbit,4
user_107,"Thinking, Fast and Slow",4
user_328,Dune,4
user_134,Never Let Me Go,5
user_297,Sapiens,4
user_329,The Kite Runner,3
user_338,War and Peace,4
user_371,Wuthering Heights,3
user_116,The Night Circus,2
user_80,Neuromancer,3
user_100,Where the Crawdads Sing,3
user_119,Educated,4
user_44,Gone Girl,4
user_84,Circe,3
user_247,The Immortal Life of Henrietta Lacks,2
user_325,Educated,3
user_280,The Name of the Wind,3
user_19,The Road,2
user_374,Gone Girl,4
user_370,And Then There Were None,3
user_261,Neuromancer,4
user_210,Jane Eyre,4
user_239,Great Expectations,2
user_175,Anna Karenina,4
user_190,Gone Girl,3
user_176,Gone Girl,5
user_377,Beloved,4
user_143,Rebecca,4
user_62,To Kill a Mockingbird,5
user_218,Jane Eyre,3
user_35,The Kite Runner,3
user_89,Circe,4
user_207,The Wright Brothers,2
user_275,Mistborn,4
user_19,Dune,4
user_73,Great Expectations,3
user_71,Rebecca,2
user_321,Great Expectations,3
user_90,The Night Circus,2
user_112,The Night Circus,2
user_351,Where the Crawdads Sing,3
user_203,Sapiens,4
user_58,Never Let Me Go,5
user_131,The Fellowship of the Ring,4
user_150,Pride and Prejudice,3
user_177,The Girl with the Dragon Tattoo,3
user_333,To Kill a Mockingbird,5
user_22,The Wright Brothers,3
user_269,The Night Circus,3
user_278,Neuromancer,4
user_24,Circe,4
user_306,The Midnight Library,4
user_10,Dune,5
user_25,Mistborn,4
user_141,Where the Crawdads Sing,4
user_111,A Game of Thrones,5
user_265,Normal People,4
user_79,The Hobbit,5
user_118,The Immortal Life of Henrietta Lacks,4
user_333,Gone Girl,4
user_291,A Little Life,4
user_31,Where the Crawdads Sing,4
user_47,The Name of the Wind,4
user_272,Educated,4
user_369,The Da Vinci Code,3
user_95,The Silence of the Lambs,4
user_390,Pride and Prejudice,4
user_143,The Kite Runner,4
user_342,The Night Circus,4
user_55,Beloved,4
user_341,The Silence of the Lambs,4
user_190,The Night Circus,3
user_374,Moby-Dick,5
user_146,Great Expectations,3
user_376,A Brief History of Time,3
user_89,Pride and Prejudice,3
user_123,The Night Circus,3
user_295,The Wright Brothers,4
user_92,Pride and Prejudice,4
user_332,The Hound of the Baskervilles,4
user_43,The Girl with the Dragon Tattoo,5
user_96,War and Peace,4
user_246,The Da Vinci Code,3
user_144,Sapiens,4
user_55,Circe,5
user_259,The Immortal Life of Henrietta Lacks,5
user_237,Educated,4
user_62,Great Expectations,3
user_107,Beloved,5
user_47,The Hobbit,4
user_177,Foundation,4
user_136,Rebecca,4
user_362,Jane Eyre,4
user_343,The Name of the Wind,2
user_386,The Wright Brothers,5
user_342,The Da Vinci Code,4
user_75,Neuromancer,4
user_121,The Left Hand of Darkness,5
user_58,Anna Karenina,4
user_318,A Brief History of Time,3
user_57,In Cold Blood,5
user_128,Sapiens,2
user_280,Mistborn,3
user_65,Sapiens,3
user_311,The Immortal Life of Henrietta Lacks,4
user_56,The Silence of the Lambs,5
user_228,The Da Vinci Code,2
user_356,Anna Karenina,4
user_315,Circe,5
user_18,The Wright Brothers,3
user_42,The Hobbit,4
user_85,A Brief History of Time,2
user_361,Neuromancer,4
user_383,Jane Eyre,4
user_49,The Hobbit,5
user_175,Beloved,4
user_230,Crime and Punishment,4
user_372,Educated,3
user_323,Jane Eyre,3
user_100,The Fellowship of the Ring,5
user_363,Beloved,4
user_28,Beloved,4
user_2,The Name of the Wind,4
user_290,Foundation,3
user_287,Beloved,5
user_222,In Cold Blood,5
user_223,Jane Eyre,3
user_384,Gone Girl,3
user_300,The Kite Runner,5
user_192,A Brief History of Time,3
user_44,Mistborn,4
user_137,Educated,4
user_257,Never Let Me Go,5
user_228,Moby-Dick,3
user_247,Crime and Punishment,2
user_90,A Little Life,3
user_148,"Guns, Germs, and Steel",4
user_42,The Silence of the Lambs,2
user_33,Foundation,3
user_354,A Little Life,4
user_163,Circe,2
user_294,A Brief History of Time,3
user_309,Foundation,2
user_354,A Game of Thrones,5
user_147,War and Peace,5
user_383,Ender's Game,3
user_26,Never Let Me Go,4
user_69,Normal People,3
user_396,Moby-Dick,5
user_31,Great Expectations,3
user_375,The Night Circus,3
user_118,The Left Hand of Darkness,5
user_278,A Little Life,4
user_57,The Immortal Life of Henrietta Lacks,3
user_233,The Silence of the Lambs,4
user_17,Crime and Punishment,4
user_87,Pride and Prejudice,4
user_70,Anna Karenina,4
user_278,The Immortal Life of Henrietta Lacks,4
user_92,Rebecca,3
user_327,The Left Hand of Darkness,4
user_84,Wuthering Heights,3
user_130,The Girl with the Dragon Tattoo,4
user_7,The Night Circus,4
user_162,The Fellowship of the Ring,5
user_19,Foundation,4
user_360,Dune,5
user_93,The Kite Runner,5
user_213,Mistborn,3
user_232,The Kite Runner,5
user_335,Jane Eyre,4
user_251,To Kill a Mockingbird,3
user_238,Mistborn,3
user_40,A Little Life,3
user_324,A Game of Thrones,4
user_103,A Game of Thrones,5
user_113,The Great Gatsby,3
user_274,Wuthering Heights,3
user_229,The Da Vinci Code,2
user_263,Educated,4
user_210,The Midnight Library,2
user_197,Sapiens,4
user_101,Jane Eyre,3
user_213,Moby-Dick,4
user_126,War and Peace,2
user_120,The Da Vinci Code,4
user_393,The Name of the Wind,2
user_93,Educated,4
user_115,Great Expectations,2
user_394,Never Let Me Go,5
user_99,The Girl with the Dragon Tattoo,3
user_266,"Thinking, Fast and Slow",2
user_34,The Kite Runner,4
user_285,A Little Life,4
user_384,The Da Vinci Code,4
user_226,Educated,2
user_181,And Then There Were None,3
user_398,Circe,3
user_1,Foundation,3
user_150,Wuthering Heights,3
user_215,Jane Eyre,5
user_263,Crime and Punishment,3
user_333,In Cold Blood,5
user_80,Mistborn,3
user_265,The Hobbit,5
user_79,To Kill a Mockingbird,4
user_155,The Road,3
user_8,The Wright Brothers,3
user_103,The Immortal Life of Henrietta Lacks,4
user_277,And Then There Were None,2
user_275,Where the Crawdads Sing,4
user_39,Neuromancer,4
user_140,The Road,4
user_99,"Thinking, Fast and Slow",3
user_329,The Hound of the Baskervilles,5
user_399,The Road,3
user_14,Circe,4
user_253,A Game of Thrones,5
user_47,The Midnight Library,2
user_240,The Kite Runner,5
user_131,Foundation,4
user_204,The Wright Brothers,4
user_193,Great Expectations,3
user_348,Crime and Punishment,3
user_64,Great Expectations,3
user_215,The Hobbit,4
user_149,Circe,4
user_82,Wuthering Heights,4
user_58,Dune,5
user_333,Sapiens,4
user_156,Normal People,2
user_313,The Midnight Library,3
user_34,The Fellowship of the Ring,4
user_28,A Brief History of Time,2
user_277,Gone Girl,3
user_301,The Immortal Life of Henrietta Lacks,3
user_271,Sapiens,2
user_391,The Hobbit,5
user_92,The Girl with the Dragon Tattoo,4
user_397,The Girl with the Dragon Tattoo,3
user_131,Neuromancer,4
user_123,The Fellowship of the Ring,4
user_142,A Brief History of Time,3
user_386,Educated,5
user_36,"Guns, Germs, and Steel",3
user_232,Where the Crawdads Sing,4
user_290,The Hobbit,3
user_397,A Little Life,4
user_171,A Little Life,4
user_299,The Silence of the Lambs,4
user_53,And Then There Were None,3
user_328,And Then There Were None,2
user_112,Educated,3
user_164,The Night Circus,2
user_211,To Kill a Mockingbird,5
user_117,A Game of Thrones,4
user_152,Into Thin Air,3
user_182,The Left Hand of Darkness,4
user_155,The Immortal Life of Henrietta Lacks,5
user_164,To Kill a Mockingbird,3
user_388,Gone Girl,3
user_124,Normal People,4
user_206,War and Peace,4
user_293,Where the Crawdads Sing,4
user_37,The Fellowship of the Ring,5
user_306,Never Let Me Go,5
user_311,In Cold Blood,5
user_397,A Game of Thrones,5
user_226,The Left Hand of Darkness,4
user_83,Normal People,2
user_20,Never Let Me Go,5
user_253,Educated,4
user_263,The Night Circus,3
user_133,Rebecca,3
user_356,Ender's Game,4
user_363,Ender's Game,3
user_353,A Brief History of Time,4
user_113,The Silence of the Lambs,4
user_378,Neuromancer,2
user_358,Crime and Punishment,4
user_243,War and Peace,4
user_5,Dune,4
user_268,The Midnight Library,3
user_6,Educated,3
user_271,"Guns, Germs, and Steel",3
user_356,Moby-Dick,5
user_282,Beloved,4
user_393,A Little Life,3
user_114,The Road,3
user_312,The Great Gatsby,4
user_342,Never Let Me Go,5
user_391,The Wright Brothers,3
user_318,Gone Girl,2
user_281,Never Let Me Go,3
user_199,The Immortal Life of Henrietta Lacks,4
user_253,The Da Vinci Code,3
user_292,The Fellowship of the Ring,4
user_181,The Hound of the Baskervilles,4
user_167,The Girl with the Dragon Tattoo,4
user_383,To Kill a Mockingbird,4
user_386,Circe,5
user_138,The Name of the Wind,3
user_244,The Wright Brothers,3
user_218,Into Thin Air,3
user_354,Ender's Game,3
user_129,Mistborn,4
user_79,The Name of the Wind,4
user_136,The Great Gatsby,4
user_337,Into Thin Air,3
user_323,Where the Crawdads Sing,4
user_253,The Night Circus,2
user_198,The Name of the Wind,3
user_33,Dune,4
user_389,The Da Vinci Code,3
user_125,Sapiens,3
user_391,Anna Karenina,3
user_288,Ender's Game,4
user_187,The Name of the Wind,3
user_81,The Night Circus,3
user_290,Where the Crawdads Sing,4
user_71,To Kill a Mockingbird,3
user_125,The Midnight Library,3
user_185,A Game of Thrones,5
user_260,Never Let Me Go,3
user_375,Educated,4
user_331,Educated,4
user_15,The Girl with the Dragon Tattoo,5
user_153,Wuthering Heights,4
user_41,Moby-Dick,4
user_397,The Fellowship of the Ring,4
user_312,Foundation,3
user_22,The Road,4
user_227,And Then There Were None,2
user_119,Beloved,5
user_143,The Da Vinci Code,3
user_318,The Great Gatsby,4
user_33,Where the Crawdads Sing,3
user_288,Circe,4
user_228,The Kite Runner,3
user_168,Moby-Dick,5
user_162,The Wright Brothers,4
user_129,Wuthering Heights,3
user_18,"Guns, Germs, and Steel",2
user_239,Crime and Punishment,3
user_39,Ender's Game,4
user_201,Anna Karenina,5
user_172,Pride and Prejudice,4
user_120,The Kite Runner,2
user_311,Great Expectations,3
user_234,The Road,3
user_266,A Game of Thrones,5
user_182,The Immortal Life of Henrietta Lacks,4
user_286,Rebecca,2
user_379,The Wright Brothers,3
user_323,Educated,3
user_130,The Wright Brothers,3
user_150,Moby-Dick,5
user_237,A Game of Thrones,5
user_268,A Brief History of Time,3
user_35,Anna Karenina,5
user_256,Sapiens,4
user_4,A Game of Thrones,5
user_396,War and Peace,4
user_100,Anna Karenina,4
user_315,Into Thin Air,4
user_324,In Cold Blood,5
user_111,Jane Eyre,4
user_136,Moby-Dick,4
user_299,Pride and Prejudice,3
user_319,The Name of the Wind,3
user_262,The Road,4
user_211,And Then There Were None,3
user_316,The Girl with the Dragon Tattoo,3
user_156,The Da Vinci Code,2
user_329,A Brief History of Time,5
user_319,The Hobbit,4
user_377,Neuromancer,3
user_115,The Left Hand of Darkness,3
user_12,Rebecca,4
user_386,Gone Girl,5
user_125,In Cold Blood,4
user_60,Wuthering Heights,4
user_88,Moby-Dick,5
user_244,The Road,3
user_208,Never Let Me Go,5
user_288,Anna Karenina,4
user_6,The Silence of the Lambs,4
user_78,Crime and Punishment,2
user_253,The Immortal Life of Henrietta Lacks,4
user_232,The Fellowship of the Ring,4
user_269,Where the Crawdads Sing,4
user_141,Anna Karenina,3
user_122,Gone Girl,4
user_182,And Then There Were None,4
user_124,Dune,4
user_99,Pride and Prejudice,3
user_264,Sapiens,4
user_303,The Kite Runner,2
user_46,Never Let Me Go,5
user_353,Into Thin Air,3
user_308,The Kite Runner,4
user_353,The Hobbit,5
user_268,Wuthering Heights,4
user_381,Pride and Prejudice,4
user_149,The Hobbit,5
user_81,Beloved,4
user_17,The Immortal Life of Henrietta Lacks,3
user_301,The Da Vinci Code,3
user_213,Dune,3
user_115,The Night Circus,2
user_198,Never Let Me Go,5
user_253,Neuromancer,3
user_174,To Kill a Mockingbird,4
user_386,Moby-Dick,5
user_11,The Left Hand of Darkness,5
user_56,The Great Gatsby,4
user_350,Neuromancer,3
user_335,Into Thin Air,3
user_377,The Great Gatsby,3
user_27,The Hound of the Baskervilles,3
user_90,The Name of the Wind,4
user_222,Neuromancer,3
user_228,In Cold Blood,4
user_190,Wuthering Heights,3
user_174,The Hobbit,4
user_22,"Guns, Germs, and Steel",3
user_178,A Game of Thrones,5
user_185,Never Let Me Go,4
user_60,Normal People,3
user_345,Foundation,3
user_168,Rebecca,2
user_318,Rebecca,2
user_357,Circe,4
user_27,A Brief History of Time,4
user_140,Into Thin Air,3
user_121,"Thinking, Fast and Slow",3
user_182,To Kill a Mockingbird,4
user_108,Rebecca,4
user_81,The Fellowship of the Ring,3
user_387,The Kite Runner,5
user_364,A Little Life,2
user_97,The Midnight Library,4
user_368,Where the Crawdads Sing,4
user_349,Great Expectations,2
user_118,Pride and Prejudice,5
user_372,The Night Circus,3
user_251,The Da Vinci Code,3
user_398,Rebecca,2
user_398,Anna Karenina,4
user_144,Great Expectations,3
user_150,The Kite Runner,3
user_215,A Little Life,3
user_342,"Thinking, Fast and Slow",4
user_196,Great Expectations,3
user_153,Anna Karenina,5
user_217,The Wright Brothers,3
user_8,Educated,3
user_338,The Fellowship of the Ring,4
user_363,The Hobbit,5
user_13,The Hobbit,5
user_81,To Kill a Mockingbird,4
user_158,Foundation,4
user_40,Dune,5
user_23,The Silence of the Lambs,4
user_369,War and Peace,3
user_2,Jane Eyre,5
user_88,The Great Gatsby,4
user_73,War and Peace,4
user_327,Where the Crawdads Sing,5
user_327,The Name of the Wind,3
user_88,Circe,3
user_86,Pride and Prejudice,4
user_120,The Girl with the Dragon Tattoo,4
user_267,The Silence of the Lambs,5
user_239,War and Peace,3
user_113,The Left Hand of Darkness,5
user_221,The Left Hand of Darkness,4
user_334,And Then There Were None,3
user_394,A Game of Thrones,5
user_292,Anna Karenina,4
user_110,Crime and Punishment,3
user_11,The Da Vinci Code,4
user_116,To Kill a Mockingbird,5
user_195,Dune,4
user_86,Into Thin Air,3
user_365,The Kite Runner,4
user_240,And Then There Were None,2
user_23,The Immortal Life of Henrietta Lacks,4
user_332,Jane Eyre,3
user_292,The Immortal Life of Henrietta Lacks,5
user_132,The Immortal Life of Henrietta Lacks,3
user_157,The Fellowship of the Ring,3
user_111,Foundation,3
user_186,The Left Hand of Darkness,5
user_72,Circe,4
user_359,Beloved,3
user_203,A Brief History of Time,3
user_210,"Thinking, Fast and Slow",4
user_356,Beloved,4
user_210,The Silence of the Lambs,5
user_278,Wuthering Heights,4
user_67,Anna Karenina,5
user_365,"Thinking, Fast and Slow",4
user_100,Foundation,3
user_227,The Night Circus,3
user_179,The Fellowship of the Ring,4
user_243,The Great Gatsby,3
user_24,Jane Eyre,4
user_98,Into Thin Air,2
user_17,Mistborn,4
user_16,"Thinking, Fast and Slow",3
user_356,Mistborn,3
user_114,Crime and Punishment,3
user_65,The Fellowship of the Ring,5
user_346,Dune,5
user_373,Wuthering Heights,2
user_51,Rebecca,2
user_283,Beloved,4
user_245,Sapiens,4
user_154,The Silence of the Lambs,3
user_208,A Brief History of Time,3
user_297,Great Expectations,3
user_82,Circe,4
user_101,Circe,3
user_115,Moby-Dick,5
user_91,"Thinking, Fast and Slow",4
user_146,The Hobbit,5
user_63,Into Thin Air,3
user_224,A Brief History of Time,4
user_112,The Immortal Life of Henrietta Lacks,3
user_269,The Hobbit,5
user_399,And Then There Were None,3
user_49,Rebecca,3
user_47,Pride and Prejudice,4
user_274,The Great Gatsby,4
user_97,The Silence of the Lambs,5
user_136,In Cold Blood,4
user_106,Dune,4
user_80,The Girl with the Dragon Tattoo,4
user_332,Ender's Game,3
user_296,Mistborn,3
user_239,The Road,3
user_256,A Brief History of Time,4
user_304,And Then There Were None,3
user_241,The Da Vinci Code,3
user_28,Crime and Punishment,3
user_186,The Da Vinci Code,4
user_137,A Little Life,4
user_11,Mistborn,4
user_188,A Brief History of Time,4
user_190,Ender's Game,3
user_131,Rebecca,4
user_128,To Kill a Mockingbird,3
user_222,The Silence of the Lambs,4
user_369,Educated,3
user_77,Great Expectations,3
user_375,Anna Karenina,5
user_198,Moby-Dick,4
user_75,Never Let Me Go,5
user_380,The Midnight Library,3
user_342,The Immortal Life of Henrietta Lacks,5
user_359,The Midnight Library,3
user_47,The Immortal Life of Henrietta Lacks,4
user_362,Beloved,4
user_385,The Immortal Life of Henrietta Lacks,5
user_120,Never Let Me Go,4
user_61,Mistborn,3
user_322,The Hound of the Baskervilles,4
user_74,Gone Girl,4
user_146,Normal People,3
user_330,The Kite Runner,4
user_68,A Brief History of Time,4
user_30,Circe,2
user_224,Normal People,3
user_136,Educated,4
user_30,Wuthering Heights,4
user_168,Where the Crawdads Sing,5
user_100,War and Peace,4
user_27,The Road,4
user_107,Normal People,4
user_172,Where the Crawdads Sing,5
user_161,Normal People,4
user_151,Educated,3
user_194,"Guns, Germs, and Steel",3
user_137,Beloved,4
user_40,Mistborn,3
user_399,A Little Life,3
user_331,The Great Gatsby,3
user_136,A Little Life,3
user_240,The Silence of the Lambs,4
user_352,The Girl with the Dragon Tattoo,4
user_93,"Thinking, Fast and Slow",4
user_3,In Cold Blood,3
user_279,Foundation,4
user_317,Jane Eyre,5
user_308,The Name of the Wind,3
user_379,Wuthering Heights,5
user_27,Dune,4
user_344,The Night Circus,2
user_226,Pride and Prejudice,3
user_30,Sapiens,3
user_43,Into Thin Air,2
user_103,The Girl with the Dragon Tattoo,4
user_11,The Immortal Life of Henrietta Lacks,4
user_349,Pride and Prejudice,3
user_27,Normal People,3
user_155,The Hound of the Baskervilles,4
user_9,Beloved,4
user_159,Mistborn,2
user_359,In Cold Blood,4
user_302,Educated,3
user_82,The Night Circus,3
user_181,The Fellowship of the Ring,4
user_167,Dune,4
user_153,A Game of Thrones,5
user_16,Foundation,4
user_92,A Little Life,2
user_328,Sapiens,4
user_218,A Game of Thrones,5
user_323,Crime and Punishment,2
user_11,The Kite Runner,3
user_93,The Immortal Life of Henrietta Lacks,4
user_305,"Thinking, Fast and Slow",4
user_142,The Night Circus,3
user_266,Mistborn,4
user_155,Educated,4
user_384,The Hound of the Baskervilles,4
user_62,Mistborn,3
user_334,Jane Eyre,4
user_86,The Kite Runner,4
user_255,In Cold Blood,3
user_191,Moby-Dick,5
user_58,Into Thin Air,4
user_121,Normal People,3
user_65,Circe,3
user_22,Great Expectations,3
user_226,The Hobbit,5
user_45,"Thinking, Fast and Slow",3
user_120,A Little Life,2
user_352,"Thinking, Fast and Slow",4
user_5,Pride and Prejudice,3
user_361,A Little Life,4
user_213,Sapiens,3
user_196,To Kill a Mockingbird,5
user_93,In Cold Blood,4
user_238,The Night Circus,3
user_89,To Kill a Mockingbird,4
user_208,The Night Circus,3
user_147,Beloved,5
user_12,To Kill a Mockingbird,4
user_148,The Name of the Wind,4
user_390,The Fellowship of the Ring,3
user_282,Sapiens,3
user_270,Wuthering Heights,3
user_353,The Midnight Library,4
user_100,Pride and Prejudice,3
user_48,Never Let Me Go,5
user_282,A Game of Thrones,4
user_387,Pride and Prejudice,3
user_15,Into Thin Air,4
user_269,The Fellowship of the Ring,4
user_134,Wuthering Heights,4
user_312,Circe,3
user_340,The Hobbit,5
user_2,Beloved,3
user_268,Sapiens,3
user_207,A Little Life,3
user_276,The Hobbit,4
user_336,Beloved,5
user_67,Jane Eyre,5
user_213,The Left Hand of Darkness,4
user_16,In Cold Blood,3
user_7,Educated,4
user_274,Anna Karenina,4
user_292,Never Let Me Go,5
user_377,A Little Life,4
user_326,Gone Girl,3
user_89,Ender's Game,4
user_311,A Little Life,4
user_42,Beloved,3
user_156,The Hobbit,5
user_96,The Da Vinci Code,2
user_329,The Fellowship of the Ring,5
user_356,Never Let Me Go,4
user_5,The Night Circus,2
user_295,Beloved,4
user_215,Where the Crawdads Sing,4
user_288,Educated,3
user_66,Neuromancer,4
user_287,The Night Circus,4
user_376,Circe,4
user_226,A Game of Thrones,4
user_139,Into Thin Air,3
user_113,War and Peace,3
user_189,Sapiens,4
user_229,The Silence of the Lambs,4
user_215,Moby-Dick,5
user_53,The Silence of the Lambs,4
user_339,Normal People,4
user_312,The Silence of the Lambs,3
user_273,Wuthering Heights,4
user_357,Where the Crawdads Sing,3
user_272,Foundation,5
user_396,Educated,3
user_31,Never Let Me Go,4
user_26,Into Thin Air,2
user_74,Wuthering Heights,4
user_291,Sapiens,5
user_233,Never Let Me Go,5
user_143,The Name of the Wind,3
user_206,The Road,2
user_47,The Da Vinci Code,4
user_364,The Name of the Wind,2
user_44,Into Thin Air,4
user_295,The Da Vinci Code,4
user_113,And Then There Were None,2
user_126,Wuthering Heights,3
user_287,Dune,5
user_290,A Little Life,3
user_298,Beloved,4
user_387,Ender's Game,4
user_88,"Guns, Germs, and Steel",3
user_30,The Kite Runner,4
user_377,The Immortal Life of Henrietta Lacks,3
user_119,Where the Crawdads Sing,5
user_319,A Game of Thrones,4
user_314,A Brief History of Time,2
user_321,Into Thin Air,4
user_79,"Thinking, Fast and Slow",4
user_21,The Hobbit,4
user_383,The Silence of the Lambs,5
user_63,The Immortal Life of Henrietta Lacks,4
user_124,Never Let Me Go,5
user_111,Circe,4
user_315,Neuromancer,4
user_40,A Brief History of Time,4
user_12,The Girl with the Dragon Tattoo,3
user_0,Circe,4
user_351,Neuromancer,4
user_275,Normal People,4
user_143,Educated,4
user_346,The Wright Brothers,3
user_289,Neuromancer,3
user_315,War and Peace,4
user_61,The Fellowship of the Ring,4
user_346,Mistborn,3
user_308,The Da Vinci Code,3
user_1,Jane Eyre,4
user_8,The Immortal Life of Henrietta Lacks,4
user_274,And Then There Were None,3
user_27,Sapiens,4
user_24,Moby-Dick,4
user_132,Beloved,3
user_29,Into Thin Air,4
user_186,War and Peace,4
user_128,A Brief History of Time,2
user_340,War and Peace,4
user_148,The Left Hand of Darkness,4
user_146,The Night Circus,3
user_90,The Midnight Library,2
user_208,Normal People,3
user_202,The Silence of the Lambs,4
user_94,A Brief History of Time,5
user_151,The Silence of the Lambs,4
user_39,"Thinking, Fast and Slow",4
user_30,Dune,4
user_165,The Immortal Life of Henrietta Lacks,4
user_392,The Night Circus,2
user_194,War and Peace,4
user_379,Ender's Game,3
user_311,The Wright Brothers,5
user_306,Where the Crawdads Sing,5
user_378,A Little Life,2
user_299,"Thinking, Fast and Slow",4
user_297,To Kill a Mockingbird,5
user_305,A Little Life,3
user_71,The Hound of the Baskervilles,5
user_112,Great Expectations,2
user_204,The Hound of the Baskervilles,5
user_27,The Night Circus,2
user_179,The Midnight Library,4
user_349,The Da Vinci Code,2
user_345,Circe,2
user_258,"Thinking, Fast and Slow",2
user_179,Great Expectations,3
user_359,Educated,3
user_366,The Hobbit,4
user_389,Sapiens,4
user_274,Circe,3
user_165,Mistborn,3
user_386,Pride and Prejudice,4
user_260,In Cold Blood,4
user_259,Great Expectations,3
user_43,To Kill a Mockingbird,4
user_96,The Left Hand of Darkness,3
user_99,Circe,2
user_90,Beloved,3
user_39,The Wright Brothers,4
user_318,Never Let Me Go,5
user_287,Foundation,5
user_234,Great Expectations,4
user_139,A Brief History of Time,4
user_6,The Fellowship of the Ring,4
user_297,War and Peace,4
user_383,Into Thin Air,3
user_141,Normal People,3
user_13,Educated,3
user_280,The Hound of the Baskervilles,4
user_303,Great Expectations,3
user_181,The Great Gatsby,3
user_359,The Da Vinci Code,3
user_30,"Guns, Germs, and Steel",2
user_278,A Game of Thrones,5
user_80,Where the Crawdads Sing,5
user_304,Normal People,3
user_322,The Left Hand of Darkness,4
user_257,War and Peace,4
user_73,To Kill a Mockingbird,5
user_14,The Da Vinci Code,3
user_312,To Kill a Mockingbird,4
user_199,"Guns, Germs, and Steel",3
user_142,Never Let Me Go,3
user_347,The Night Circus,4
user_99,Ender's Game,3
user_218,Wuthering Heights,3
user_306,The Da Vinci Code,3
user_398,Mistborn,2
user_47,Crime and Punishment,3
user_103,The Silence of the Lambs,5
user_177,And Then There Were None,2
user_135,Normal People,5
user_241,Crime and Punishment,4
user_327,The Night Circus,2
user_296,The Hobbit,5
user_52,"Guns, Germs, and Steel",3
user_238,Pride and Prejudice,3
user_130,A Little Life,3
user_171,The Wright Brothers,3
user_257,In Cold Blood,5
user_118,The Night Circus,2
user_330,Anna Karenina,3
user_249,"Thinking, Fast and Slow",4
user_234,Gone Girl,5
user_303,To Kill a Mockingbird,4
user_126,Circe,2
user_227,The Silence of the Lambs,4
user_191,To Kill a Mockingbird,5
user_161,Mistborn,4
user_280,The Wright Brothers,4
user_173,The Hobbit,4
user_153,In Cold Blood,5
user_50,The Immortal Life of Henrietta Lacks,3
user_288,"Thinking, Fast and Slow",4
user_65,War and Peace,3
user_372,To Kill a Mockingbird,4
user_165,Neuromancer,3
user_229,The Kite Runner,3
user_57,The Kite Runner,4
user_286,The Silence of the Lambs,4
user_295,Educated,4
user_135,The Night Circus,4
user_186,The Girl with the Dragon Tattoo,5
user_34,The Silence of the Lambs,3
user_60,The Left Hand of Darkness,3
user_63,Gone Girl,2
user_238,The Hound of the Baskervilles,4
user_230,The Immortal Life of Henrietta Lacks,4
user_159,The Kite Runner,3
user_337,Anna Karenina,4
user_80,Crime and Punishment,3
user_364,The Midnight Library,2
user_246,The Kite Runner,3
user_212,Rebecca,1
user_9,A Game of Thrones,5
user_149,Where the Crawdads Sing,4
user_248,Anna Karenina,3
user_138,Pride and Prejudice,3
user_132,Great Expectations,3
user_42,Educated,4
user_316,Great Expectations,2
user_60,Where the Crawdads Sing,4
user_45,The Hound of the Baskervilles,4
user_370,Normal People,2
user_144,War and Peace,3
user_387,Educated,4
user_109,The Hobbit,4
user_134,The Great Gatsby,5
user_286,Where the Crawdads Sing,5
user_87,The Immortal Life of Henrietta Lacks,3
user_87,The Night Circus,3
user_341,The Girl with the Dragon Tattoo,5
user_317,Rebecca,4
user_208,War and Peace,4
user_241,A Brief History of Time,4
user_21,And Then There Were None,2
user_131,The Night Circus,3
user_324,The Road,4
user_138,The Road,3
user_276,"Guns, Germs, and Steel",4
user_43,The Silence of the Lambs,4
user_39,In Cold Blood,4
user_96,A Brief History of Time,3
user_295,Wuthering Heights,4
user_83,The Hound of the Baskervilles,4
user_291,Mistborn,3
user_353,Neuromancer,4
user_232,The Midnight Library,3
user_58,The Immortal Life of Henrietta Lacks,5
user_154,Rebecca,3
user_260,The Night Circus,3
user_201,The Immortal Life of Henrietta Lacks,4
user_369,Beloved,5
user_212,War and Peace,4
user_82,Dune,4
user_49,To Kill a Mockingbird,5
user_396,A Little Life,3
user_136,The Road,4
user_177,Rebecca,3
user_1,Educated,4
user_188,Sapiens,4
user_354,The Da Vinci Code,4
user_394,"Thinking, Fast and Slow",5
user_204,Never Let Me Go,5
user_175,A Brief History of Time,2
user_153,The Immortal Life of Henrietta Lacks,3
user_314,The Girl with the Dragon Tattoo,4
user_89,Never Let Me Go,5
user_213,A Brief History of Time,2
user_94,The Hound of the Baskervilles,4
user_173,Rebecca,3
user_378,The Road,2
user_299,Beloved,5
user_219,Foundation,3
user_22,Anna Karenina,4
user_132,Anna Karenina,4
user_100,The Immortal Life of Henrietta Lacks,3
user_3,The Name of the Wind,3
user_74,Where the Crawdads Sing,4
user_293,The Left Hand of Darkness,5
user_46,Anna Karenina,4
user_288,The Girl with the Dragon Tattoo,4
user_313,A Game of Thrones,5
user_267,Gone Girl,4
user_133,Circe,3
user_16,Never Let Me Go,3
user_399,The Name of the Wind,3
user_359,Never Let Me Go,5
user_168,Mistborn,3
user_263,The Wright Brothers,3
user_344,The Wright Brothers,3
user_80,Foundation,3
user_74,Beloved,4
user_361,Where the Crawdads Sing,4
user_174,War and Peace,4
user_133,The Fellowship of the Ring,4
user_336,Anna Karenina,5
user_11,The Hound of the Baskervilles,4
user_21,Sapiens,3
user_44,The Fellowship of the Ring,5
user_318,Mistborn,2
user_272,The Immortal Life of Henrietta Lacks,4
user_168,Beloved,4
user_335,Pride and Prejudice,4
user_369,The Night Circus,4
user_127,A Game of Thrones,4
user_145,And Then There Were None,2
user_370,The Da Vinci Code,4
user_128,The Left Hand of Darkness,3
user_87,The Hound of the Baskervilles,4
user_23,Sapiens,3
user_253,Crime and Punishment,4
user_156,The Girl with the Dragon Tattoo,4
user_125,Crime and Punishment,3
user_86,The Hobbit,4
user_83,The Da Vinci Code,3
user_177,Gone Girl,4
user_233,And Then There Were None,3
user_16,The Silence of the Lambs,3
user_390,The Night Circus,4
user_311,Where the Crawdads Sing,5
user_378,A Brief History of Time,2
user_323,A Brief History of Time,3
user_329,The Night Circus,3
user_175,The Night Circus,2
user_144,The Wright Brothers,3
user_261,Moby-Dick,5
user_203,War and Peace,4
user_0,Educated,3
user_145,The Left Hand of Darkness,4
user_295,Anna Karenina,4
user_152,Moby-Dick,4
user_38,Ender's Game,4
user_37,Circe,4
user_320,A Brief History of Time,3
user_45,Ender's Game,3
user_223,The Fellowship of the Ring,4
user_392,Sapiens,2
user_381,Rebecca,2
user_242,Foundation,2
user_139,Wuthering Heights,3
user_193,Into Thin Air,3
user_333,And Then There Were None,3
user_18,The Immortal Life of Henrietta Lacks,4
user_300,Great Expectations,4
user_340,Anna Karenina,5
user_366,The Road,2
user_393,Wuthering Heights,4
user_102,The Left Hand of Darkness,4
user_334,The Girl with the Dragon Tattoo,4
user_73,In Cold Blood,5
user_3,Dune,4
user_27,Where the Crawdads Sing,5
user_81,Sapiens,4
user_11,Where the Crawdads Sing,3
user_293,Anna Karenina,5
user_385,Anna Karenina,5
user_282,Into Thin Air,3
user_4,The Kite Runner,4
user_242,The Girl with the Dragon Tattoo,5
user_337,Educated,3
user_61,Great Expectations,2
user_368,The Immortal Life of Henrietta Lacks,3
user_120,War and Peace,5
user_138,The Girl with the Dragon Tattoo,4
user_224,Educated,4
user_106,Gone Girl,3
user_62,The Hobbit,4
user_157,In Cold Blood,3
user_140,A Little Life,3
user_80,Anna Karenina,3
user_238,Moby-Dick,3
user_262,Wuthering Heights,3
user_205,Where the Crawdads Sing,5
user_247,The Road,3
user_90,Gone Girl,3
user_194,Neuromancer,3
user_339,Gone Girl,4
user_50,Rebecca,4
user_388,Great Expectations,3
user_210,Sapiens,4
user_15,Jane Eyre,4
user_169,A Little Life,3
user_288,Jane Eyre,3
user_129,The Immortal Life of Henrietta Lacks,3
user_333,Circe,5
user_10,The Da Vinci Code,2
user_124,The Hobbit,4
user_283,Never Let Me Go,4
user_18,The Road,4
user_196,Dune,5
user_65,In Cold Blood,4
user_173,Anna Karenina,3
user_267,The Immortal Life of Henrietta Lacks,4
user_69,Where the Crawdads Sing,4
user_47,To Kill a Mockingbird,5
user_300,The Great Gatsby,5
user_254,Moby-Dick,3
user_147,"Guns, Germs, and Steel",4
user_139,Mistborn,2
user_370,A Little Life,4
user_216,The Girl with the Dragon Tattoo,4
user_121,The Midnight Library,3
user_68,The Great Gatsby,3
user_384,Foundation,4
user_327,Sapiens,3
user_7,The Left Hand of Darkness,5
user_33,The Wright Brothers,4
user_25,Moby-Dick,3
user_214,The Da Vinci Code,3
user_157,To Kill a Mockingbird,3
user_70,A Brief History of Time,3
user_398,The Night Circus,2
user_16,The Kite Runner,4
user_108,A Brief History of Time,5
user_236,The Midnight Library,4
user_310,Circe,3
user_292,A Brief History of Time,4
user_172,The Night Circus,2
user_40,War and Peace,4
user_63,Crime and Punishment,3
user_0,A Little Life,4
user_199,The Wright Brothers,4
user_91,The Fellowship of the Ring,4
user_79,The Girl with the Dragon Tattoo,4
user_129,A Little Life,3
user_247,The Fellowship of the Ring,3
user_200,A Brief History of Time,3
user_72,Moby-Dick,4
user_216,Circe,4
user_151,The Fellowship of the Ring,4
user_391,Rebecca,3
user_16,Into Thin Air,3
user_381,The Immortal Life of Henrietta Lacks,3
user_90,The Fellowship of the Ring,3
user_35,The Fellowship of the Ring,4
user_391,Jane Eyre,4
user_74,Normal People,4
user_80,The Immortal Life of Henrietta Lacks,3
user_291,Wuthering Heights,4
user_85,Where the Crawdads Sing,3
user_383,Pride and Prejudice,2
user_39,Circe,4
user_269,Circe,3
user_372,Gone Girl,4
user_277,Never Let Me Go,5
user_72,Neuromancer,3
user_48,The Hound of the Baskervilles,4
user_92,Never Let Me Go,4
user_133,Moby-Dick,4
user_204,Neuromancer,4
user_363,Rebecca,4
user_118,Dune,4
user_273,And Then There Were None,4
user_291,Pride and Prejudice,5
user_183,"Guns, Germs, and Steel",2
user_374,The Girl with the Dragon Tattoo,5
user_79,A Brief History of Time,3
user_259,Dune,5
user_212,The Wright Brothers,3
user_248,Educated,3
user_68,"Thinking, Fast and Slow",3
user_304,The Fellowship of the Ring,3
user_345,The Road,3
user_109,The Fellowship of the Ring,4
user_50,A Little Life,4
user_208,Neuromancer,3
user_117,Moby-Dick,5
user_16,The Hobbit,3
user_178,The Wright Brothers,4
user_359,A Brief History of Time,3
user_83,The Road,4
user_212,Moby-Dick,4
user_164,"Thinking, Fast and Slow",3
user_101,The Great Gatsby,3
user_323,The Hobbit,5
user_22,Rebecca,3
user_216,The Night Circus,3
user_133,The Name of the Wind,3
user_369,Crime and Punishment,3
user_172,Normal People,4
user_124,The Hound of the Baskervilles,4
user_307,The Hound of the Baskervilles,3
user_323,The Night Circus,3
user_65,Jane Eyre,4
user_164,The Wright Brothers,4
user_206,Great Expectations,2
user_237,A Brief History of Time,4
user_115,Mistborn,3
user_261,The Name of the Wind,2
user_5,A Brief History of Time,3
user_390,In Cold Blood,3
user_330,Where the Crawdads Sing,5
user_378,Where the Crawdads Sing,4
user_93,The Hound of the Baskervilles,4
user_361,Circe,4
user_167,War and Peace,4
user_384,Moby-Dick,5
user_137,The Midnight Library,3
user_34,Wuthering Heights,3
user_220,The Girl with the Dragon Tattoo,3
user_223,The Hound of the Baskervilles,4
user_248,The Hound of the Baskervilles,3
user_99,The Midnight Library,3
user_246,Foundation,3
user_226,Normal People,3
user_42,The Road,2
user_260,The Fellowship of the Ring,3
user_96,"Thinking, Fast and Slow",2
user_107,Ender's Game,4
user_25,In Cold Blood,4
user_205,A Game of Thrones,5
user_53,Moby-Dick,5
user_196,"Thinking, Fast and Slow",4
user_97,Wuthering Heights,3
user_253,The Midnight Library,3
user_239,"Guns, Germs, and Steel",3
user_176,Moby-Dick,4
user_360,Foundation,4
user_334,The Kite Runner,3
user_236,The Night Circus,4
user_142,"Guns, Germs, and Steel",3
user_324,Wuthering Heights,4
user_250,Pride and Prejudice,2
user_253,Circe,4
user_262,Crime and Punishment,3
user_225,Mistborn,4
user_72,The Wright Brothers,3
user_194,Wuthering Heights,4
user_152,Dune,4
user_146,Jane Eyre,4
user_138,Jane Eyre,3
user_159,Moby-Dick,4
user_207,The Fellowship of the Ring,3
user_197,The Hobbit,4
user_280,The Fellowship of the Ring,3
user_18,Ender's Game,4
user_240,To Kill a Mockingbird,4
user_285,Anna Karenina,4
user_149,The Fellowship of the Ring,4
user_197,To Kill a Mockingbird,5
user_104,Ender's Game,4
user_16,Educated,2
user_179,Beloved,5
user_279,Into Thin Air,3
user_35,The Name of the Wind,3
user_180,Where the Crawdads Sing,4
user_349,The Silence of the Lambs,3
user_194,The Left Hand of Darkness,5
user_66,And Then There Were None,4
user_398,Pride and Prejudice,3
user_399,The Fellowship of the Ring,4
user_63,The Name of the Wind,3
user_285,The Immortal Life of Henrietta Lacks,4
user_343,Normal People,2
user_88,Where the Crawdads Sing,5
user_107,"Guns, Germs, and Steel",3
user_50,Foundation,4
user_271,The Night Circus,3
user_109,A Little Life,3
user_106,Never Let Me Go,5
user_391,The Kite Runner,3
user_44,"Guns, Germs, and Steel",4
user_60,The Silence of the Lambs,4
user_289,Pride and Prejudice,3
user_350,A Game of Thrones,5
user_58,Foundation,4
user_87,Great Expectations,2
user_392,The Immortal Life of Henrietta Lacks,3
user_192,A Game of Thrones,5
user_185,The Fellowship of the Ring,4
user_24,The Hobbit,4
user_165,The Silence of the Lambs,5
user_372,Jane Eyre,4
user_393,In Cold Blood,4
user_318,And Then There Were None,2
user_49,Sapiens,3
user_211,Ender's Game,3
user_10,Neuromancer,4
user_185,Into Thin Air,5
user_327,Normal People,4
user_77,Neuromancer,3
user_19,Anna Karenina,4
user_366,A Game of Thrones,5
user_91,Neuromancer,4
user_30,A Game of Thrones,5
user_365,Neuromancer,4
user_284,The Road,4
user_181,Neuromancer,3
user_315,The Kite Runner,4
user_151,Wuthering Heights,4
user_19,The Immortal Life of Henrietta Lacks,3
user_265,The Kite Runner,2
user_148,Wuthering Heights,4
user_234,The Hobbit,4
user_17,The Name of the Wind,4
user_4,The Midnight Library,3
user_293,Normal People,4
user_317,Great Expectations,3
user_169,The Road,2
user_369,Moby-Dick,3
user_178,Rebecca,4
user_362,Rebecca,3
user_145,The Name of the Wind,3
user_6,The Great Gatsby,3
user_23,Gone Girl,4
user_24,Into Thin Air,4
user_135,"Guns, Germs, and Steel",4
user_153,The Night Circus,3
user_349,"Guns, Germs, and Steel",2
user_39,The Girl with the Dragon Tattoo,4
user_51,Moby-Dick,4
user_266,The Silence of the Lambs,4
user_350,Never Let Me Go,5
user_212,A Brief History of Time,2
user_124,The Fellowship of the Ring,4
user_17,The Silence of the Lambs,5
user_143,The Hound of the Baskervilles,4
user_96,A Little Life,3
user_228,The Hobbit,4
user_218,Moby-Dick,3
user_376,Wuthering Heights,3
user_109,Where the Crawdads Sing,5
user_245,Foundation,4
user_49,Where the Crawdads Sing,4
user_99,Great Expectations,1
user_107,A Game of Thrones,5
user_303,The Girl with the Dragon Tattoo,4
user_76,Never Let Me Go,3
user_186,A Game of Thrones,5
user_320,Neuromancer,2
user_54,Foundation,3
user_80,Circe,5
user_306,The Immortal Life of Henrietta Lacks,4
user_254,Anna Karenina,3
user_221,Mistborn,3
user_17,The Hound of the Baskervilles,3
user_281,Great Expectations,1
user_386,Anna Karenina,5
user_393,Crime and Punishment,2
user_297,The Wright Brothers,4
user_38,A Brief History of Time,2
user_184,Beloved,4
user_155,"Guns, Germs, and Steel",4
user_162,The Night Circus,3
user_113,To Kill a Mockingbird,4
user_108,To Kill a Mockingbird,3
user_259,The Kite Runner,4
user_85,The Silence of the Lambs,4
user_347,Sapiens,4
user_357,The Left Hand of Darkness,5
user_355,The Great Gatsby,3
user_390,A Brief History of Time,3
user_2,To Kill a Mockingbird,5
user_339,"Thinking, Fast and Slow",4
user_9,The Kite Runner,3
user_329,Never Let Me Go,5
user_69,The Silence of the Lambs,4
user_198,The Immortal Life of Henrietta Lacks,3
user_192,Dune,5
user_7,The Great Gatsby,3
user_44,Rebecca,4
user_241,A Little Life,4
user_324,Circe,4
user_116,Beloved,5
user_22,"Thinking, Fast and Slow",2
user_250,Ender's Game,2
user_114,Anna Karenina,3
user_165,The Wright Brothers,4
user_38,The Hound of the Baskervilles,4
user_106,Pride and Prejudice,4
user_367,War and Peace,3
user_181,The Hobbit,4
user_206,Rebecca,2
user_58,The Left Hand of Darkness,5
user_316,The Fellowship of the Ring,3
user_41,The Girl with the Dragon Tattoo,5
user_295,Mistborn,4
user_77,Educated,3
user_197,War and Peace,4
user_328,Ender's Game,3
user_121,Mistborn,4
user_182,Wuthering Heights,5
user_260,Moby-Dick,4
user_213,The Hobbit,4
user_385,Normal People,3
user_93,Ender's Game,3
user_166,Mistborn,3
user_379,In Cold Blood,5
user_141,The Midnight Library,2
user_303,The Great Gatsby,3
user_265,A Game of Thrones,5
user_4,In Cold Blood,4
user_66,Into Thin Air,4
user_54,Anna Karenina,4
user_286,Dune,4
user_72,The Da Vinci Code,3
user_143,Crime and Punishment,3
user_227,A Game of Thrones,5
user_12,The Fellowship of the Ring,5
user_381,Dune,5
user_187,The Great Gatsby,4
user_221,Into Thin Air,2
user_137,Normal People,5
user_167,Gone Girl,4
user_301,Moby-Dick,5
user_213,Anna Karenina,4
user_195,A Game of Thrones,5
user_334,Educated,3
user_361,Pride and Prejudice,5
user_171,Mistborn,3
user_35,Moby-Dick,5
user_51,Mistborn,2
user_193,To Kill a Mockingbird,4
user_161,Sapiens,4
user_247,The Left Hand of Darkness,3
user_375,The Da Vinci Code,5
user_293,A Little Life,3
user_398,The Name of the Wind,3
user_6,Anna Karenina,4
user_16,The Great Gatsby,3
user_100,The Da Vinci Code,2
user_203,The Da Vinci Code,5
user_139,The Immortal Life of Henrietta Lacks,4
user_385,Where the Crawdads Sing,5
user_125,Circe,4
user_50,Dune,5
user_348,War and Peace,4
user_119,Into Thin Air,3
user_263,Where the Crawdads Sing,4
user_48,Great Expectations,3
user_311,Rebecca,3
user_73,The Silence of the Lambs,3
user_264,Crime and Punishment,3
user_201,The Name of the Wind,4
user_374,Crime and Punishment,3
user_320,Anna Karenina,4
user_388,The Midnight Library,3
user_377,And Then There Were None,2
user_313,Sapiens,3
user_389,And Then There Were None,3
user_147,A Little Life,3
user_275,The Great Gatsby,4
user_82,Jane Eyre,5
user_386,Foundation,3
user_389,The Great Gatsby,2
user_305,To Kill a Mockingbird,5
user_26,The Great Gatsby,2
user_203,The Hobbit,5
user_340,The Wright Brothers,5
user_97,Moby-Dick,5
user_85,Wuthering Heights,4
user_281,And Then There Were None,3
user_277,The Left Hand of Darkness,3
user_80,The Silence of the Lambs,4
user_201,Normal People,3
user_40,To Kill a Mockingbird,4
user_27,Educated,3
user_132,The Name of the Wind,4
user_298,Rebecca,4
user_315,The Midnight Library,3
user_354,Gone Girl,4
user_87,Beloved,4
user_237,Never Let Me Go,5
user_85,And Then There Were None,2
user_21,Normal People,4
user_313,"Guns, Germs, and Steel",3
user_214,Wuthering Heights,3
user_142,The Fellowship of the Ring,4
user_171,The Immortal Life of Henrietta Lacks,4
user_269,The Girl with the Dragon Tattoo,4
user_344,Into Thin Air,2
user_54,The Hobbit,5
user_58,Ender's Game,4
user_55,A Little Life,3
user_356,A Game of Thrones,4
user_265,Gone Girl,1
user_146,The Midnight Library,4
user_178,"Thinking, Fast and Slow",4
user_378,Sapiens,2
user_253,Into Thin Air,3
user_348,Gone Girl,3
user_119,The Girl with the Dragon Tattoo,5
user_214,Dune,5
user_121,A Brief History of Time,3
user_261,Educated,5
user_340,Educated,4
user_50,Beloved,5
user_120,The Midnight Library,3
user_84,The Night Circus,2
user_214,The Immortal Life of Henrietta Lacks,3
user_69,The Road,2
user_198,Pride and Prejudice,5
user_244,Into Thin Air,3
user_85,The Night Circus,3
user_396,Great Expectations,3
user_298,Circe,5
user_185,Wuthering Heights,4
user_118,Where the Crawdads Sing,5
user_157,A Game of Thrones,5
user_133,The Da Vinci Code,3
user_322,Wuthering Heights,3
user_73,Neuromancer,4
user_196,The Midnight Library,3
user_195,Crime and Punishment,3
user_28,Jane Eyre,4
user_55,Never Let Me Go,5
user_306,To Kill a Mockingbird,5
user_247,Foundation,2
user_362,The Wright Brothers,4
user_208,A Little Life,4
user_299,Circe,4
user_374,The Immortal Life of Henrietta Lacks,4
user_18,Sapiens,3
user_350,The Name of the Wind,4
user_271,Never Let Me Go,3
user_328,The Name of the Wind,3
user_205,The Great Gatsby,4
user_187,The Hound of the Baskervilles,5
user_262,Never Let Me Go,5
user_91,The Hound of the Baskervilles,4
user_156,Pride and Prejudice,3
user_126,Ender's Game,3
user_182,Foundation,4
user_56,Into Thin Air,3
user_115,The Midnight Library,2
user_91,To Kill a Mockingbird,5
user_82,Never Let Me Go,5
user_104,War and Peace,4
user_43,Mistborn,4
user_69,Jane Eyre,4
user_216,Neuromancer,4
user_136,Ender's Game,3
user_28,The Silence of the Lambs,5
user_335,The Great Gatsby,3
user_86,The Da Vinci Code,2
user_211,The Night Circus,4
user_285,Sapiens,3
user_137,Wuthering Heights,3
user_127,In Cold Blood,5
user_37,Pride and Prejudice,3
user_220,Pride and Prejudice,4
user_267,Neuromancer,4
user_347,Ender's Game,4
user_347,"Thinking, Fast and Slow",5
user_346,The Kite Runner,4
user_210,The Kite Runner,4
user_169,The Left Hand of Darkness,4
user_281,Educated,4
user_207,The Road,3
user_78,The Left Hand of Darkness,4
user_302,Mistborn,3
user_195,Neuromancer,4
user_182,Beloved,5
user_31,Circe,4
user_51,Normal People,4
user_297,A Brief History of Time,3
user_233,To Kill a Mockingbird,4
user_329,"Thinking, Fast and Slow",3
user_136,Anna Karenina,4
user_37,Neuromancer,4
user_316,Normal People,3
user_102,Crime and Punishment,3
user_202,Circe,4
user_71,Gone Girl,4
user_177,The Kite Runner,3
user_237,Into Thin Air,5
user_269,War and Peace,4
user_275,Sapiens,3
user_9,The Night Circus,3
user_338,Gone Girl,3
user_51,Circe,4
user_99,A Brief History of Time,3
user_333,Foundation,3
user_331,The Kite Runner,4
user_207,The Midnight Library,3
user_267,The Midnight Library,5
user_290,The Night Circus,2
user_101,The Road,2
user_215,To Kill a Mockingbird,3
user_362,Dune,4
user_345,War and Peace,3
user_219,The Fellowship of the Ring,3
user_342,Circe,5
user_29,In Cold Blood,4
user_366,Dune,3
user_129,A Brief History of Time,4
user_4,Mistborn,3
user_142,In Cold Blood,4
user_126,A Brief History of Time,3
user_31,The Hobbit,4
user_87,The Silence of the Lambs,3
user_347,The Girl with the Dragon Tattoo,5
user_393,A Game of Thrones,4
user_234,Ender's Game,4
user_285,In Cold Blood,4
user_75,The Da Vinci Code,3
user_235,Pride and Prejudice,3
user_117,Mistborn,3
user_20,Crime and Punishment,2
user_115,War and Peace,3
user_275,A Brief History of Time,3
user_184,Sapiens,2
user_178,Educated,3
user_330,The Name of the Wind,3
user_383,Dune,4
user_260,Where the Crawdads Sing,5
user_239,Jane Eyre,4
user_242,Pride and Prejudice,3
user_292,Where the Crawdads Sing,5
user_39,The Hobbit,4
user_364,War and Peace,4
user_86,Mistborn,4
user_8,The Great Gatsby,4
user_369,The Girl with the Dragon Tattoo,4
user_284,Neuromancer,4
user_5,Mistborn,3
user_202,Normal People,4
user_37,Ender's Game,3
user_226,Great Expectations,2
user_227,War and Peace,4
user_357,The Night Circus,3
user_320,Great Expectations,2
user_18,Never Let Me Go,4
user_72,The Night Circus,3
user_326,The Hound of the Baskervilles,4
user_398,The Road,3
user_256,Dune,5
user_258,The Girl with the Dragon Tattoo,4
user_44,Pride and Prejudice,5
user_123,"Guns, Germs, and Steel",3
user_259,Rebecca,3
user_60,The Hobbit,4
user_117,The Fellowship of the Ring,3
user_132,The Great Gatsby,4
user_235,The Left Hand of Darkness,4
user_97,A Little Life,4
user_278,The Silence of the Lambs,4
user_158,The Silence of the Lambs,5
user_317,The Great Gatsby,3
user_1,Neuromancer,3
user_389,Wuthering Heights,3
user_149,Great Expectations,3
user_357,The Wright Brothers,4
user_126,A Little Life,2
user_99,Rebecca,2
user_130,Circe,4
user_227,Gone Girl,3
user_204,A Little Life,4
user_331,"Guns, Germs, and Steel",3
user_93,And Then There Were None,2
user_80,War and Peace,3
user_322,Jane Eyre,4
user_165,The Da Vinci Code,2
user_5,Into Thin Air,3
user_194,The Immortal Life of Henrietta Lacks,3
user_245,The Wright Brothers,4
user_386,"Thinking, Fast and Slow",4
user_207,The Night Circus,2
user_298,The Hobbit,5
user_51,Pride and Prejudice,4
user_157,Mistborn,2
user_213,The Immortal Life of Henrietta Lacks,3
user_191,"Thinking, Fast and Slow",3
user_3,Sapiens,4
user_297,"Guns, Germs, and Steel",3
user_8,The Midnight Library,3
user_396,Crime and Punishment,4
user_18,Circe,3
user_393,"Thinking, Fast and Slow",3
user_349,Moby-Dick,4
user_340,"Guns, Germs, and Steel",3
user_292,Gone Girl,5
user_171,The Name of the Wind,4
user_23,The Hound of the Baskervilles,4
user_386,Rebecca,4
user_20,Great Expectations,2
user_304,The Left Hand of Darkness,4
user_329,Dune,5
user_314,The Kite Runner,3
user_176,The Midnight Library,4
user_324,A Brief History of Time,3
user_211,Foundation,4
user_392,A Little Life,2
user_381,The Left Hand of Darkness,4
user_315,The Name of the Wind,3
user_191,Educated,4
user_29,The Hound of the Baskervilles,5
user_116,The Great Gatsby,3
user_333,"Thinking, Fast and Slow",4
user_190,The Left Hand of Darkness,4
user_399,Where the Crawdads Sing,4
user_377,War and Peace,4
user_386,Mistborn,4
user_299,Normal People,3
user_388,Never Let Me Go,5
user_216,The Hound of the Baskervilles,4
user_209,In Cold Blood,4
user_173,The Hound of the Baskervilles,4
user_219,Moby-Dick,4
user_196,The Girl with the Dragon Tattoo,5
user_228,Into Thin Air,3
user_298,In Cold Blood,4
user_15,Wuthering Heights,4
user_32,Dune,4
user_251,Moby-Dick,4
user_73,The Great Gatsby,2
user_194,A Little Life,3
user_26,"Thinking, Fast and Slow",2
user_89,Great Expectations,2
user_249,The Midnight Library,3
user_66,The Name of the Wind,4
user_5,Normal People,3
user_315,A Little Life,4
user_96,The Hound of the Baskervilles,3
user_4,Pride and Prejudice,4
user_96,Great Expectations,2
user_41,"Thinking, Fast and Slow",3
user_122,The Silence of the Lambs,4
user_393,The Road,2
user_220,Dune,4
user_247,Where the Crawdads Sing,4
user_102,Dune,4
user_373,Moby-Dick,4
user_261,The Silence of the Lambs,4
user_184,The Hobbit,5
user_245,Crime and Punishment,3
user_97,The Hound of the Baskervilles,3
user_35,Wuthering Heights,4
user_70,Gone Girl,4
user_318,War and Peace,4
user_246,Dune,5
user_55,Into Thin Air,4
user_81,Jane Eyre,4
user_200,"Thinking, Fast and Slow",2
user_147,"Thinking, Fast and Slow",4
user_24,Anna Karenina,5
user_255,Jane Eyre,4
user_225,Pride and Prejudice,3
user_324,The Wright Brothers,3
user_12,Pride and Prejudice,3
user_314,Great Expectations,3
user_170,Circe,4
user_330,Mistborn,3
user_13,A Brief History of Time,3
user_361,Into Thin Air,4
user_217,Rebecca,3
user_22,Normal People,3
user_317,Educated,3
user_81,Mistborn,3
user_264,The Name of the Wind,2
user_193,Sapiens,4
user_200,Circe,3
user_174,The Name of the Wind,2
user_185,Dune,4
user_367,A Game of Thrones,4
user_307,Ender's Game,2
user_207,To Kill a Mockingbird,4
user_162,A Little Life,5
user_228,Crime and Punishment,2
user_202,"Thinking, Fast and Slow",3
user_383,Never Let Me Go,4
user_395,In Cold Blood,4
user_398,In Cold Blood,3
user_61,Neuromancer,3
user_193,The Road,4
user_102,Wuthering Heights,4
user_25,Crime and Punishment,3
user_67,"Guns, Germs, and Steel",3
user_11,The Girl with the Dragon Tattoo,4
user_27,Beloved,4
user_347,The Wright Brothers,3
user_96,The Fellowship of the Ring,4
user_269,The Da Vinci Code,2
user_243,A Little Life,4
user_257,Dune,4
user_134,The Silence of the Lambs,5
user_263,Moby-Dick,4
user_245,Into Thin Air,4
user_180,"Thinking, Fast and Slow",3
user_44,The Hound of the Baskervilles,5
user_391,Normal People,3
user_205,The Girl with the Dragon Tattoo,5
user_298,And Then There Were None,3
user_387,The Great Gatsby,3
user_356,The Great Gatsby,3
user_239,The Da Vinci Code,2
user_15,In Cold Blood,4
user_17,The Hobbit,4
user_348,A Brief History of Time,3
user_351,Normal People,3
user_318,"Thinking, Fast and Slow",3
user_201,Moby-Dick,5
user_387,The Fellowship of the Ring,4
user_27,The Girl with the Dragon Tattoo,4
user_155,Neuromancer,3
user_54,"Thinking, Fast and Slow",4
user_228,A Game of Thrones,4
user_359,A Game of Thrones,5
user_216,Gone Girl,3
user_203,Foundation,4
user_103,The Midnight Library,3
user_137,The Left Hand of Darkness,5
user_40,Wuthering Heights,3
user_78,Gone Girl,3
user_90,To Kill a Mockingbird,5
user_226,Circe,4
user_94,The Great Gatsby,4
user_54,War and Peace,4
user_233,Anna Karenina,4
user_145,"Guns, Germs, and Steel",2
user_341,Anna Karenina,5
user_399,Rebecca,2
user_348,The Wright Brothers,4
user_249,Mistborn,3
user_164,The Hobbit,4
user_90,Into Thin Air,3
user_360,The Name of the Wind,3
user_308,Circe,4
user_361,Normal People,5
user_242,Gone Girl,4
user_144,Crime and Punishment,3
user_134,Where the Crawdads Sing,5
user_327,Great Expectations,3
user_211,The Hobbit,4
user_320,The Hound of the Baskervilles,3
user_316,The Midnight Library,3
user_238,Gone Girl,4
user_293,Rebecca,4
user_357,The Hound of the Baskervilles,4
user_128,Into Thin Air,2
user_377,Wuthering Heights,3
user_82,Gone Girl,4
user_281,Crime and Punishment,3
user_92,Crime and Punishment,3
user_216,Educated,4
user_309,War and Peace,3
user_89,Gone Girl,4
user_128,Crime and Punishment,3
user_132,Pride and Prejudice,4
user_179,The Road,4
user_70,The Silence of the Lambs,5
user_159,In Cold Blood,3
user_234,The Night Circus,4
user_116,Foundation,4
user_20,Gone Girl,3
user_188,The Immortal Life of Henrietta Lacks,4
user_262,And Then There Were None,3
user_175,The Road,2
user_169,Never Let Me Go,4
user_251,Sapiens,3
user_63,The Road,3
user_160,Circe,4
user_249,The Hound of the Baskervilles,3
user_263,Pride and Prejudice,3
user_319,Circe,4
user_56,Where the Crawdads Sing,4
user_388,Foundation,4
user_68,Educated,3
user_394,In Cold Blood,4
user_180,Wuthering Heights,3
user_233,The Immortal Life of Henrietta Lacks,4
user_58,The Girl with the Dragon Tattoo,5
user_45,Never Let Me Go,3
user_95,Educated,3
user_161,Anna Karenina,4
user_122,Circe,4
user_213,Into Thin Air,3
user_35,Educated,3
user_394,The Road,4
user_386,The Immortal Life of Henrietta Lacks,4
user_166,Where the Crawdads Sing,4
user_325,Sapiens,3
user_182,The Name of the Wind,3
user_41,Beloved,5
user_142,A Game of Thrones,4
user_177,The Hound of the Baskervilles,3
user_170,Gone Girl,3
user_67,The Great Gatsby,4
user_55,The Girl with the Dragon Tattoo,5
user_135,Gone Girl,2
user_263,The Midnight Library,3
user_133,Anna Karenina,3
user_70,And Then There Were None,4
user_109,The Silence of the Lambs,4
user_107,Into Thin Air,3
user_397,Moby-Dick,4
user_324,Crime and Punishment,4
user_134,The Name of the Wind,3
user_186,Jane Eyre,5
user_185,In Cold Blood,5
user_254,The Midnight Library,2
user_284,"Guns, Germs, and Steel",4
user_173,The Left Hand of Darkness,4
user_329,And Then There Were None,3
user_274,The Kite Runner,4
user_175,Ender's Game,3
user_295,Crime and Punishment,3
user_286,Educated,3
user_188,Pride and Prejudice,4
user_151,Crime and Punishment,4
user_279,A Game of Thrones,5
user_217,The Da Vinci Code,4
user_60,The Immortal Life of Henrietta Lacks,4
user_75,Normal People,3
user_66,"Guns, Germs, and Steel",4
user_30,A Little Life,3
user_398,A Game of Thrones,5
user_397,The Immortal Life of Henrietta Lacks,5
user_217,A Brief History of Time,2
user_216,The Great Gatsby,3
user_133,The Girl with the Dragon Tattoo,3
user_395,Rebecca,4
user_61,Rebecca,3
user_394,Normal People,4
user_293,Beloved,5
user_22,The Hound of the Baskervilles,4
user_119,The Wright Brothers,3
user_369,In Cold Blood,5
user_59,"Thinking, Fast and Slow",2
user_250,In Cold Blood,3
user_392,Circe,3
user_341,The Left Hand of Darkness,5
user_220,Into Thin Air,3
user_261,To Kill a Mockingbird,4
user_186,Great Expectations,3
user_256,The Da Vinci Code,3
user_311,The Girl with the Dragon Tattoo,5
user_93,Jane Eyre,4
user_317,Beloved,5
user_358,In Cold Blood,4
user_280,The Road,3
user_65,Educated,4
user_147,The Road,4
user_267,War and Peace,3
user_135,Never Let Me Go,5
user_332,The Silence of the Lambs,4
user_120,Beloved,3
user_130,The Hound of the Baskervilles,3
user_36,Mistborn,4
user_308,The Hound of the Baskervilles,3
user_100,"Thinking, Fast and Slow",3
user_354,To Kill a Mockingbird,5
user_3,A Brief History of Time,3
user_342,Moby-Dick,4
user_334,The Name of the Wind,1
user_262,A Game of Thrones,5
user_199,Never Let Me Go,4
user_189,Never Let Me Go,5
user_359,Crime and Punishment,4
user_118,"Guns, Germs, and Steel",3
user_6,Gone Girl,5
user_154,The Girl with the Dragon Tattoo,4
user_381,A Game of Thrones,5
user_229,Rebecca,3
user_184,"Guns, Germs, and Steel",3
user_89,The Girl with the Dragon Tattoo,4
user_199,Crime and Punishment,3
user_63,Sapiens,3
user_195,In Cold Blood,5
user_358,Moby-Dick,4
user_269,The Kite Runner,3
user_269,Wuthering Heights,4
user_172,And Then There Were None,2
user_164,Educated,3
user_280,Beloved,3
user_227,Into Thin Air,3
user_138,Rebecca,3
user_186,And Then There Were None,4
user_0,Into Thin Air,3
user_95,Wuthering Heights,3
user_75,The Night Circus,3
user_99,The Left Hand of Darkness,3
user_142,Rebecca,4
user_231,The Da Vinci Code,3
user_325,The Left Hand of Darkness,4
user_5,The Name of the Wind,2
user_255,Into Thin Air,1
user_376,The Hound of the Baskervilles,4
user_213,Normal People,3
user_59,Beloved,4
user_14,Crime and Punishment,4
user_394,The Hound of the Baskervilles,4
user_81,"Thinking, Fast and Slow",4
user_292,Mistborn,4
user_148,Circe,3
user_159,A Game of Thrones,4
user_359,The Immortal Life of Henrietta Lacks,4
user_217,The Girl with the Dragon Tattoo,5
user_380,In Cold Blood,4
user_385,Neuromancer,4
user_109,A Game of Thrones,4
user_76,A Brief History of Time,3
user_158,To Kill a Mockingbird,4
user_71,The Left Hand of Darkness,3
user_150,The Wright Brothers,3
user_180,In Cold Blood,4
user_358,Normal People,3
user_157,Moby-Dick,5
user_246,Educated,4
user_269,Moby-Dick,4
user_301,Mistborn,4
user_104,The Hound of the Baskervilles,3
user_326,The Great Gatsby,4
user_263,In Cold Blood,5
user_227,To Kill a Mockingbird,4
user_390,Foundation,4
user_173,The Wright Brothers,4
user_180,Moby-Dick,3
user_263,To Kill a Mockingbird,4
user_350,Wuthering Heights,4
user_352,Jane Eyre,4
user_31,Rebecca,4
user_235,The Fellowship of the Ring,3
user_284,Beloved,5
user_41,Into Thin Air,3
user_171,Dune,5
user_103,The Road,4
user_399,Moby-Dick,3
user_291,Circe,5
user_136,"Guns, Germs, and Steel",3
user_262,Pride and Prejudice,3
user_33,Great Expectations,2
user_17,A Brief History of Time,3
user_262,A Brief History of Time,3
user_189,Pride and Prejudice,3
user_320,The Great Gatsby,3
user_49,Educated,4
user_155,Circe,3
user_215,The Girl with the Dragon Tattoo,3
user_345,Ender's Game,3
user_386,And Then There Were None,4
user_37,The Girl with the Dragon Tattoo,4
user_287,The Hobbit,5
user_21,Into Thin Air,3
user_212,Mistborn,2
user_2,Into Thin Air,3
user_138,Into Thin Air,3
user_349,A Game of Thrones,5
user_350,Into Thin Air,2
user_163,Moby-Dick,4
user_345,Never Let Me Go,4
user_377,Educated,3
user_203,Moby-Dick,5
user_15,The Midnight Library,3
user_145,Gone Girl,2
user_258,The Da Vinci Code,3
user_252,The Hobbit,5
user_184,Wuthering Heights,4
user_191,The Girl with the Dragon Tattoo,5
user_127,Wuthering Heights,3
user_111,Rebecca,3
user_117,Beloved,4
user_390,The Girl with the Dragon Tattoo,4
user_172,The Wright Brothers,2
user_277,Moby-Dick,3
user_118,The Silence of the Lambs,5
user_313,A Little Life,4
user_74,Great Expectations,4
user_307,Into Thin Air,2
user_112,Crime and Punishment,3
user_12,The Hobbit,5
user_48,The Fellowship of the Ring,3
user_241,Anna Karenina,5
user_167,The Hound of the Baskervilles,4
user_343,The Great Gatsby,3
user_26,The Midnight Library,3
user_45,Moby-Dick,3
user_34,Crime and Punishment,5
user_347,Great Expectations,4
user_250,Circe,2
user_362,The Da Vinci Code,3
user_242,In Cold Blood,4
user_58,Great Expectations,3
user_127,Foundation,3
user_205,Gone Girl,3
user_359,The Name of the Wind,3
user_262,The Fellowship of the Ring,4
user_131,"Thinking, Fast and Slow",2
user_258,Educated,2
user_360,Where the Crawdads Sing,4
user_244,A Game of Thrones,5
user_24,Rebecca,4
user_167,A Little Life,3
user_41,Neuromancer,4
user_271,The Da Vinci Code,2
user_223,Educated,3
user_1,Anna Karenina,4
user_196,The Left Hand of Darkness,5
user_89,The Silence of the Lambs,5
user_316,Neuromancer,4
user_56,Crime and Punishment,3
user_164,Wuthering Heights,3
user_305,Jane Eyre,4
user_108,The Girl with the Dragon Tattoo,4
user_285,A Brief History of Time,3
user_130,"Guns, Germs, and Steel",2
user_82,"Guns, Germs, and Steel",4
user_109,Beloved,5
user_47,Neuromancer,4
user_386,Neuromancer,4
user_109,Rebecca,3
user_90,The Kite Runner,4
user_110,Where the Crawdads Sing,5
user_377,Great Expectations,3
user_177,"Thinking, Fast and Slow",3
user_206,Crime and Punishment,3
user_142,Circe,3
user_31,Neuromancer,3
user_159,Crime and Punishment,4
user_291,Into Thin Air,4
user_380,Pride and Prejudice,4
user_191,The Fellowship of the Ring,5
user_148,Sapiens,3
user_44,Great Expectations,5
user_112,The Kite Runner,3
user_333,Where the Crawdads Sing,4
user_136,Beloved,5
user_370,Ender's Game,3
user_144,Pride and Prejudice,3
user_249,Great Expectations,2
user_54,Ender's Game,3
user_320,"Thinking, Fast and Slow",3
user_52,Gone Girl,4
user_150,The Midnight Library,2
user_271,The Hobbit,4
user_160,The Fellowship of the Ring,4
user_284,A Game of Thrones,5
user_306,And Then There Were None,2
user_259,Where the Crawdads Sing,3
user_39,The Immortal Life of Henrietta Lacks,4
user_372,Anna Karenina,4
user_356,The Hound of the Baskervilles,3
user_282,Foundation,4
user_129,Circe,4
user_72,Educated,3
user_246,Never Let Me Go,4
user_287,Mistborn,4
user_309,Ender's Game,3
user_27,Mistborn,3
user_270,War and Peace,4
user_194,A Brief History of Time,4
user_156,"Thinking, Fast and Slow",2
user_122,"Thinking, Fast and Slow",4
user_195,Moby-Dick,5
user_109,The Kite Runner,4
user_228,"Guns, Germs, and Steel",3
user_192,The Road,4
user_111,Great Expectations,3
user_202,Educated,4
user_146,The Silence of the Lambs,5
user_9,Neuromancer,3
user_156,Gone Girl,4
user_221,Foundation,3
user_107,Never Let Me Go,5
user_72,The Hound of the Baskervilles,5
user_174,Anna Karenina,5
user_150,Circe,3
user_238,Normal People,3
user_371,"Guns, Germs, and Steel",2
user_167,Normal People,4
user_58,"Guns, Germs, and Steel",4
user_130,The Left Hand of Darkness,4
user_138,"Guns, Germs, and Steel",3
user_235,Beloved,5
user_340,Normal People,4
user_200,Into Thin Air,4
user_399,To Kill a Mockingbird,4
user_131,A Little Life,4
user_335,Sapiens,3
user_75,The Hound of the Baskervilles,4
user_254,The Kite Runner,4
user_366,Moby-Dick,4
user_175,In Cold Blood,4
user_10,The Road,4
user_16,The Road,3
user_219,The Midnight Library,3
user_77,Foundation,3
user_343,Where the Crawdads Sing,3
user_188,"Guns, Germs, and Steel",4
user_254,A Brief History of Time,3
user_5,Educated,3
user_389,Ender's Game,3
user_144,In Cold Blood,4
user_220,Normal People,2
user_227,Mistborn,3
user_98,The Hobbit,3
user_300,"Thinking, Fast and Slow",5
user_50,Normal People,4
user_94,The Night Circus,3
user_126,The Name of the Wind,2
user_296,Rebecca,3
user_49,The Night Circus,4
user_281,The Immortal Life of Henrietta Lacks,3
user_160,Wuthering Heights,3
user_343,War and Peace,4
user_114,Circe,4
user_39,The Silence of the Lambs,4
user_298,Never Let Me Go,4
user_325,The Name of the Wind,3
user_31,Ender's Game,3
user_382,War and Peace,4
user_138,Moby-Dick,4
user_118,The Midnight Library,3
user_381,Where the Crawdads Sing,3
user_69,Rebecca,3
user_101,The Kite Runner,3
user_385,The Wright Brothers,4
user_234,"Thinking, Fast and Slow",5
user_338,Wuthering Heights,4
user_29,Great Expectations,3
user_45,Neuromancer,3
user_316,Anna Karenina,2
user_163,Dune,3
user_243,The Fellowship of the Ring,5
user_108,Neuromancer,3
user_43,And Then There Were None,3
user_311,The Road,4
user_58,The Hobbit,5
user_10,A Game of Thrones,5
user_368,The Fellowship of the Ring,4
user_239,The Hobbit,5
user_318,Wuthering Heights,3
user_141,In Cold Blood,3
user_266,And Then There Were None,2
user_74,Jane Eyre,4
user_68,The Hobbit,3
user_20,The Left Hand of Darkness,4
user_186,To Kill a Mockingbird,4
user_60,The Wright Brothers,4
user_289,Sapiens,4
user_380,Where the Crawdads Sing,4
user_337,The Silence of the Lambs,3
user_288,The Wright Brothers,3
user_301,Dune,5
user_214,Mistborn,4
user_221,Neuromancer,3
user_315,A Game of Thrones,5
user_375,The Hobbit,5
user_246,Wuthering Heights,3
user_252,Rebecca,3
user_193,Moby-Dick,4
user_147,Wuthering Heights,3
user_361,Foundation,4
user_218,The Hobbit,4
user_169,Dune,5
user_325,Pride and Prejudice,5
user_207,Gone Girl,4
user_307,The Immortal Life of Henrietta Lacks,4
user_41,Mistborn,4
user_52,A Little Life,3
user_64,The Wright Brothers,3
user_108,Moby-Dick,5
user_241,The Immortal Life of Henrietta Lacks,4
user_211,Normal People,4
user_15,The Road,4
user_375,Gone Girl,5
user_215,And Then There Were None,3
user_103,Circe,5
user_228,"Thinking, Fast and Slow",3
user_148,To Kill a Mockingbird,4
user_325,The Hobbit,5
user_311,Circe,5
user_395,The Girl with the Dragon Tattoo,4
user_310,In Cold Blood,4
user_190,Anna Karenina,3
user_258,The Kite Runner,4
user_384,Into Thin Air,4
user_214,Gone Girl,4
user_21,The Fellowship of the Ring,4
user_70,Jane Eyre,4
user_196,And Then There Were None,3
user_379,The Road,3
user_170,"Guns, Germs, and Steel",2
user_125,Ender's Game,3
user_325,Beloved,5
user_239,To Kill a Mockingbird,4
user_227,The Hobbit,5
user_238,Jane Eyre,3
user_100,The Great Gatsby,3
user_371,Ender's Game,3
user_82,Sapiens,3
user_177,In Cold Blood,4
user_276,Educated,3
user_75,Rebecca,3
user_121,Wuthering Heights,4
user_64,A Little Life,3
user_24,"Thinking, Fast and Slow",4
user_392,The Girl with the Dragon Tattoo,3
user_247,The Girl with the Dragon Tattoo,3
user_323,Foundation,3
user_336,A Little Life,4
user_294,The Hound of the Baskervilles,3
user_390,War and Peace,4
user_116,The Girl with the Dragon Tattoo,4
user_118,Wuthering Heights,5
user_150,War and Peace,4
user_338,"Thinking, Fast and Slow",5
user_332,The Immortal Life of Henrietta Lacks,3
user_45,To Kill a Mockingbird,2
user_157,A Brief History of Time,2
user_155,To Kill a Mockingbird,4
user_232,Dune,5
user_84,Sapiens,3
user_208,A Game of Thrones,5
user_301,"Guns, Germs, and Steel",3
user_115,And Then There Were None,2
user_120,The Wright Brothers,5
user_118,Never Let Me Go,4
user_153,The Fellowship of the Ring,4
user_24,The Fellowship of the Ring,5
user_242,Beloved,4
user_304,Rebecca,3
user_160,And Then There Were None,4
user_248,Beloved,4
user_221,Gone Girl,4
user_34,Ender's Game,4
user_232,Into Thin Air,3
user_75,The Fellowship of the Ring,5
user_141,A Brief History of Time,3
user_150,Ender's Game,3
user_139,Pride and Prejudice,4
user_171,Sapiens,4
user_58,The Fellowship of the Ring,5
user_47,The Night Circus,2
user_331,The Hound of the Baskervilles,3
user_60,Pride and Prejudice,4
user_231,The Girl with the Dragon Tattoo,5
user_232,The Night Circus,3
user_30,The Da Vinci Code,2
user_382,The Wright Brothers,4
user_64,The Da Vinci Code,3
user_358,Beloved,5
user_196,Gone Girl,3
user_25,The Name of the Wind,3
user_12,Educated,3
user_97,The Fellowship of the Ring,5
user_339,A Little Life,3
user_48,Neuromancer,3
user_341,Mistborn,3
user_269,The Road,4
user_131,Mistborn,4
user_268,The Name of the Wind,2
user_200,Jane Eyre,3
user_265,Moby-Dick,4
user_135,And Then There Were None,2
user_368,Ender's Game,3
user_321,"Guns, Germs, and Steel",3
user_254,Neuromancer,3
user_109,Mistborn,4
user_376,Anna Karenina,3
user_241,Circe,4
user_169,Pride and Prejudice,4
user_106,The Kite Runner,3
user_226,The Midnight Library,2
user_325,The Great Gatsby,4
user_339,Educated,4
user_51,The Fellowship of the Ring,3
user_361,The Great Gatsby,4
user_88,Beloved,5
user_236,Sapiens,3
user_65,Moby-Dick,4
user_30,War and Peace,3
user_108,The Silence of the Lambs,3
user_87,"Thinking, Fast and Slow",3
user_109,The Left Hand of Darkness,4
user_120,Educated,4
user_259,The Great Gatsby,3
user_304,Anna Karenina,3
user_387,The Midnight Library,2
user_65,Foundation,4
user_55,The Da Vinci Code,3
user_102,Sapiens,4
user_217,Dune,4
user_365,Normal People,3
user_281,The Kite Runner,4
user_319,The Kite Runner,3
user_160,The Silence of the Lambs,4
user_84,The Left Hand of Darkness,4
user_216,Beloved,4
user_320,The Left Hand of Darkness,5
user_59,Into Thin Air,3
user_180,The Road,4
user_177,War and Peace,3
user_162,Neuromancer,4
user_89,A Game of Thrones,4
user_136,A Brief History of Time,2
user_90,The Hound of the Baskervilles,5
user_324,Foundation,4
user_226,The Wright Brothers,3
user_99,Educated,2
user_46,Gone Girl,4
user_162,The Da Vinci Code,4
user_271,The Left Hand of Darkness,4
user_124,Where the Crawdads Sing,4
user_52,The Midnight Library,3
user_32,The Hound of the Baskervilles,3
user_223,To Kill a Mockingbird,4
user_280,A Brief History of Time,3
user_198,In Cold Blood,4
user_105,The Kite Runner,3
user_44,A Game of Thrones,5
user_189,"Guns, Germs, and Steel",2
user_245,"Thinking, Fast and Slow",4
user_128,Ender's Game,3
user_387,A Brief History of Time,3
user_107,Where the Crawdads Sing,5
user_212,Into Thin Air,2
user_303,Into Thin Air,2
user_44,The Silence of the Lambs,5
user_96,In Cold Blood,3
user_376,War and Peace,3
user_125,The Great Gatsby,3
user_322,Where the Crawdads Sing,5
user_206,Foundation,3
user_276,A Little Life,3
user_155,The Name of the Wind,3
user_320,Sapiens,4
user_148,The Hobbit,5
user_104,Never Let Me Go,5
user_9,Where the Crawdads Sing,4
user_42,War and Peace,3
user_126,"Guns, Germs, and Steel",2
user_26,Where the Crawdads Sing,3
user_48,Ender's Game,3
user_205,Great Expectations,3
user_363,The Name of the Wind,3
user_347,The Da Vinci Code,4
user_5,The Great Gatsby,3
user_19,The Great Gatsby,3
user_105,Great Expectations,2
user_342,The Great Gatsby,4
user_229,The Immortal Life of Henrietta Lacks,3
user_223,Foundation,3
user_263,Circe,4
user_118,Rebecca,3
user_10,Anna Karenina,4
user_194,Circe,3
user_157,The Immortal Life of Henrietta Lacks,4
user_99,The Immortal Life of Henrietta Lacks,3
user_62,Neuromancer,4
user_203,Crime and Punishment,3
user_197,Gone Girl,4
user_345,The Hobbit,4
user_102,Anna Karenina,5
user_132,Normal People,4
user_290,The Immortal Life of Henrietta Lacks,2
user_147,The Kite Runner,4
user_368,Beloved,3
user_95,And Then There Were None,3
user_116,The Left Hand of Darkness,5
user_367,In Cold Blood,5
user_333,A Brief History of Time,4
user_142,The Left Hand of Darkness,5
user_36,Pride and Prejudice,4
user_371,Circe,3
user_382,The Midnight Library,5
user_204,War and Peace,5
user_81,Never Let Me Go,5
user_54,Pride and Prejudice,4
user_127,Educated,5
user_390,A Game of Thrones,5
user_64,The Fellowship of the Ring,4
user_379,The Great Gatsby,4
user_353,Where the Crawdads Sing,3
user_121,Foundation,4
user_49,Into Thin Air,4
user_294,The Silence of the Lambs,4
user_365,The Left Hand of Darkness,5
user_113,The Midnight Library,2
user_53,The Hobbit,5
user_206,Gone Girl,3
user_83,The Left Hand of Darkness,4
user_191,The Name of the Wind,3
user_92,Into Thin Air,3
user_394,Ender's Game,4
user_255,Great Expectations,2
user_117,The Silence of the Lambs,4
user_39,A Game of Thrones,5
user_272,The Name of the Wind,4
user_376,The Fellowship of the Ring,3
user_245,And Then There Were None,3
user_76,In Cold Blood,5
user_112,To Kill a Mockingbird,4
user_329,A Game of Thrones,5
user_32,The Hobbit,4
user_288,The Midnight Library,3
user_10,Where the Crawdads Sing,4
user_159,Rebecca,3
user_273,Educated,4
user_355,The Hobbit,4
user_196,A Game of Thrones,4
user_376,The Da Vinci Code,4
user_276,Neuromancer,4
user_352,Normal People,3
user_123,Foundation,3
user_160,Moby-Dick,5
user_42,Foundation,3
user_92,The Road,3
user_348,The Silence of the Lambs,4
user_336,The Silence of the Lambs,4
user_228,And Then There Were None,2
user_6,The Road,4
user_214,Normal People,4
user_157,The Name of the Wind,2
user_231,Neuromancer,3
user_240,The Hound of the Baskervilles,3
user_209,To Kill a Mockingbird,4
user_133,Gone Girl,3
user_270,In Cold Blood,4
user_35,Crime and Punishment,3
user_329,Moby-Dick,5
user_383,Anna Karenina,3
user_335,Where the Crawdads Sing,4
user_77,Mistborn,3
user_172,The Name of the Wind,3
user_105,The Wright Brothers,2
user_324,The Girl with the Dragon Tattoo,5
user_206,The Fellowship of the Ring,3
user_131,In Cold Blood,5
user_41,The Da Vinci Code,3
user_355,The Wright Brothers,4
user_209,Never Let Me Go,4
user_364,"Thinking, Fast and Slow",2
user_208,Great Expectations,3
user_178,Dune,4
user_48,Normal People,3
user_250,"Guns, Germs, and Steel",1
user_299,The Road,5
user_315,The Road,3
user_234,Into Thin Air,3
user_297,The Name of the Wind,3
user_58,The Great Gatsby,5
user_300,Rebecca,3
user_117,Rebecca,2
user_389,Jane Eyre,4
user_114,War and Peace,4
user_278,The Road,3
user_324,Moby-Dick,4
user_13,Foundation,3
user_232,Sapiens,4
user_168,And Then There Were None,2
user_395,Into Thin Air,4
user_357,Moby-Dick,4
user_83,Mistborn,3
user_56,The Hound of the Baskervilles,4
user_302,In Cold Blood,4
user_299,Rebecca,4
user_97,Great Expectations,2
user_69,The Hobbit,4
user_230,The Midnight Library,4
user_79,Mistborn,4
user_217,Wuthering Heights,3
user_383,The Midnight Library,3
user_324,Jane Eyre,4
user_13,The Kite Runner,3
user_137,Gone Girl,3
user_101,Neuromancer,4
user_237,Circe,5
user_14,Normal People,3
user_216,A Little Life,3
user_62,The Immortal Life of Henrietta Lacks,4
user_387,Gone Girl,3
user_14,Into Thin Air,2
user_22,Pride and Prejudice,3
user_341,The Fellowship of the Ring,5
user_2,Pride and Prejudice,4
user_51,The Da Vinci Code,3
user_298,The Da Vinci Code,3
user_289,The Silence of the Lambs,3
user_349,The Hound of the Baskervilles,4
user_338,A Brief History of Time,4
user_187,Never Let Me Go,4
user_310,And Then There Were None,2
user_136,The Fellowship of the Ring,5
user_331,Rebecca,4
user_68,Wuthering Heights,3
user_52,The Night Circus,3
user_146,The Wright Brothers,4
user_6,"Guns, Germs, and Steel",3
user_268,The Silence of the Lambs,4
user_138,Anna Karenina,3
user_53,In Cold Blood,5
user_300,Jane Eyre,4
user_356,The Name of the Wind,3
user_147,Moby-Dick,4
user_315,Crime and Punishment,4
user_107,Moby-Dick,5
user_140,Never Let Me Go,5
user_386,The Name of the Wind,4
user_274,The Midnight Library,4
user_121,Ender's Game,4
user_153,Into Thin Air,2
user_152,Anna Karenina,4
user_7,Anna Karenina,3
user_250,Jane Eyre,2
user_245,Normal People,4
user_337,"Guns, Germs, and Steel",3
user_106,Mistborn,4
user_276,The Left Hand of Darkness,4
user_368,Mistborn,4
user_293,Never Let Me Go,5
user_360,The Hound of the Baskervilles,4
user_390,The Hobbit,4
user_17,The Night Circus,2
user_336,Rebecca,4
user_65,"Guns, Germs, and Steel",4
user_174,Circe,3
user_280,Educated,3
user_17,The Fellowship of the Ring,4
user_330,The Wright Brothers,4
user_197,The Immortal Life of Henrietta Lacks,4
user_355,Mistborn,4
user_310,Neuromancer,3
user_392,Wuthering Heights,3
user_241,Neuromancer,4
user_154,"Guns, Germs, and Steel",4
user_81,Great Expectations,3
user_299,A Little Life,3
user_208,Moby-Dick,5
user_198,The Road,3
user_239,The Left Hand of Darkness,4
user_243,The Road,2
user_147,Foundation,4
user_271,Foundation,3
user_210,Normal People,2
user_269,A Game of Thrones,5
user_186,The Road,4
user_273,Ender's Game,4
user_360,Normal People,3
user_190,The Road,2
user_388,In Cold Blood,4
user_164,And Then There Were None,2
user_138,Ender's Game,4
user_357,Anna Karenina,4
user_373,The Name of the Wind,2
user_393,The Girl with the Dragon Tattoo,3
user_280,Great Expectations,3
user_150,The Fellowship of the Ring,3
user_23,Moby-Dick,4
user_301,Pride and Prejudice,4
user_97,The Kite Runner,4
user_365,Mistborn,4
user_13,Into Thin Air,3
user_344,In Cold Blood,5
user_192,"Thinking, Fast and Slow",3
user_365,The Hound of the Baskervilles,4
user_193,The Wright Brothers,4
user_1,Wuthering Heights,3
user_221,Dune,5
user_316,The Hobbit,4
user_58,A Little Life,4
user_293,Wuthering Heights,4
user_101,Foundation,3
user_209,A Little Life,2
user_215,The Kite Runner,5
user_252,Circe,5
user_46,Mistborn,4
user_36,Jane Eyre,5
user_269,A Brief History of Time,4
user_25,Normal People,3
user_348,The Hound of the Baskervilles,4
user_102,Rebecca,4
user_98,The Midnight Library,3
user_317,Neuromancer,3
user_122,In Cold Blood,5
user_48,Educated,3
user_346,Circe,4
user_79,Pride and Prejudice,5
user_117,The Night Circus,2
user_345,The Great Gatsby,3
user_264,Circe,4
user_263,The Fellowship of the Ring,4
user_369,To Kill a Mockingbird,4
user_252,The Hound of the Baskervilles,4
user_65,Normal People,4
user_0,Normal People,4
user_210,Ender's Game,4
user_380,Educated,3
user_245,Mistborn,4
user_375,Beloved,4
user_176,To Kill a Mockingbird,5
user_371,And Then There Were None,3
user_336,Circe,5
user_57,Jane Eyre,4
user_343,Rebecca,4
user_277,In Cold Blood,3
user_269,The Silence of the Lambs,5
user_211,The Wright Brothers,3
user_254,Ender's Game,3
user_106,The Girl with the Dragon Tattoo,4
user_222,Anna Karenina,3
user_334,Where the Crawdads Sing,4
user_19,In Cold Blood,3
user_71,A Game of Thrones,3
user_389,The Midnight Library,3
user_339,The Hobbit,5
user_251,Dune,5
user_198,War and Peace,3
user_101,Rebecca,2
user_205,Into Thin Air,3
user_273,A Little Life,4
user_0,A Game of Thrones,5
user_186,Anna Karenina,5
user_37,To Kill a Mockingbird,4
user_382,Ender's Game,4
user_201,Educated,3
user_369,The Midnight Library,4
user_203,Dune,4
user_54,To Kill a Mockingbird,3
user_147,Mistborn,4
user_386,The Night Circus,4
user_348,Beloved,5
user_282,Moby-Dick,4
user_309,The Wright Brothers,3
user_311,Neuromancer,5
user_182,The Da Vinci Code,3
user_56,The Kite Runner,4
user_15,To Kill a Mockingbird,4
user_175,The Girl with the Dragon Tattoo,3
user_10,Crime and Punishment,4
user_364,Never Let Me Go,5
user_247,Circe,3
user_381,And Then There Were None,2
user_380,The Kite Runner,4
user_195,Mistborn,3
user_288,And Then There Were None,1
user_16,Jane Eyre,4
user_148,And Then There Were None,3
user_97,To Kill a Mockingbird,4
user_197,Ender's Game,3
user_262,War and Peace,3
user_389,Rebecca,4
user_330,The Da Vinci Code,3
user_388,The Hound of the Baskervilles,3
user_288,Foundation,3
user_328,The Hobbit,5
user_22,Where the Crawdads Sing,4
user_312,The Hobbit,4
user_35,Foundation,3
user_314,"Guns, Germs, and Steel",2
user_386,Normal People,5
user_355,Normal People,3
user_235,The Girl with the Dragon Tattoo,3
user_145,The Hound of the Baskervilles,4
user_31,Dune,4
user_335,War and Peace,3
user_345,Wuthering Heights,3
user_143,Jane Eyre,3
user_318,Jane Eyre,5
user_224,Foundation,3
user_266,Sapiens,3
user_287,The Immortal Life of Henrietta Lacks,5
user_262,Dune,5
user_248,War and Peace,3
user_79,Anna Karenina,5
user_399,Gone Girl,4
user_6,Mistborn,4
user_294,Foundation,2
user_345,The Fellowship of the Ring,3
user_357,And Then There Were None,4
user_85,Beloved,4
user_281,The Girl with the Dragon Tattoo,5
user_86,The Hound of the Baskervilles,4
user_38,The Immortal Life of Henrietta Lacks,3
user_55,Crime and Punishment,4
user_71,Beloved,4
user_391,Mistborn,4
user_271,The Wright Brothers,3
user_5,Neuromancer,4
user_172,"Thinking, Fast and Slow",3
user_280,Neuromancer,3
user_344,Crime and Punishment,2
user_77,Wuthering Heights,3
user_358,The Da Vinci Code,3
user_246,Anna Karenina,4
user_267,Normal People,4
user_33,Normal People,3
user_257,Moby-Dick,5
user_243,The Left Hand of Darkness,5
user_131,Dune,5
user_247,Gone Girl,4
user_292,"Thinking, Fast and Slow",4
user_98,Crime and Punishment,2
user_91,Where the Crawdads Sing,3
user_370,The Hound of the Baskervilles,3
user_313,Normal People,3
user_37,A Brief History of Time,3
user_73,Circe,4
user_336,The Fellowship of the Ring,4
user_227,Pride and Prejudice,4
user_219,Neuromancer,3
user_14,Moby-Dick,4
user_92,The Midnight Library,4
user_375,The Silence of the Lambs,5
user_263,A Brief History of Time,3
user_298,The Girl with the Dragon Tattoo,5
user_323,The Road,3
user_236,Normal People,3
user_236,A Brief History of Time,3
user_361,The Road,4
user_358,Wuthering Heights,3
user_312,The Wright Brothers,4
user_87,The Left Hand of Darkness,3
user_380,Beloved,4
user_46,The Left Hand of Darkness,5
user_144,Dune,4
user_231,Sapiens,3
user_247,The Hound of the Baskervilles,3
user_54,The Fellowship of the Ring,4
user_139,The Fellowship of the Ring,3
user_34,And Then There Were None,3
user_44,The Night Circus,3
user_78,The Name of the Wind,4
user_81,The Girl with the Dragon Tattoo,4
user_123,The Hound of the Baskervilles,2
user_324,Mistborn,2
user_286,The Great Gatsby,3
user_294,Neuromancer,3
user_46,Circe,4
user_69,Pride and Prejudice,3
user_24,The Girl with the Dragon Tattoo,5
user_127,Rebecca,4
user_73,Beloved,4
user_255,Crime and Punishment,4
user_73,The Girl with the Dragon Tattoo,4
user_224,The Name of the Wind,2
user_120,Rebecca,3
user_374,To Kill a Mockingbird,5
user_111,The Name of the Wind,3
user_299,A Game of Thrones,5
user_185,The Left Hand of Darkness,5
user_53,The Hound of the Baskervilles,4
user_110,To Kill a Mockingbird,4
user_305,The Great Gatsby,4
user_172,The Immortal Life of Henrietta Lacks,4
user_288,The Name of the Wind,4
user_381,War and Peace,3
user_132,To Kill a Mockingbird,5
user_123,Ender's Game,3
user_293,A Game of Thrones,5
user_61,The Midnight Library,2
user_38,Wuthering Heights,3
user_221,Jane Eyre,4
user_334,Anna Karenina,4
user_269,"Thinking, Fast and Slow",3
user_65,Where the Crawdads Sing,4
user_195,The Night Circus,2
user_143,Great Expectations,2
user_198,Where the Crawdads Sing,3
user_66,A Game of Thrones,5
user_107,Educated,4
user_122,Never Let Me Go,4
user_165,Sapiens,4
user_288,"Guns, Germs, and Steel",1
user_347,War and Peace,5
user_192,Foundation,3
user_357,The Great Gatsby,4
user_38,Great Expectations,3
user_225,Wuthering Heights,4
user_166,The Night Circus,3
user_28,To Kill a Mockingbird,4
user_36,The Da Vinci Code,2
user_68,Ender's Game,3
user_86,Educated,4
user_119,Mistborn,3
user_219,Crime and Punishment,2
user_161,Pride and Prejudice,4
user_350,The Da Vinci Code,3
user_157,Gone Girl,4
user_72,The Midnight Library,3
user_32,A Little Life,3
user_156,Great Expectations,2
user_150,In Cold Blood,3
user_38,And Then There Were None,4
user_146,A Little Life,4
user_328,Crime and Punishment,4
user_196,The Hound of the Baskervilles,4
user_169,Moby-Dick,5
user_328,The Silence of the Lambs,4
user_387,Rebecca,4
user_316,And Then There Were None,3
user_177,A Little Life,4
user_295,And Then There Were None,4
user_127,Dune,4
user_384,Rebecca,3
user_375,Pride and Prejudice,4
user_107,Wuthering Heights,4
user_194,Mistborn,4
user_106,Moby-Dick,5
user_164,A Game of Thrones,5
user_88,The Midnight Library,2
user_52,The Left Hand of Darkness,5
user_80,The Hobbit,4
user_241,Dune,4
user_247,Into Thin Air,1
user_320,"Guns, Germs, and Steel",3
user_151,Normal People,2
user_121,The Night Circus,3
user_290,Moby-Dick,3
user_234,Sapiens,5
user_288,The Hobbit,4
user_326,Great Expectations,3
user_145,Never Let Me Go,4
user_117,And Then There Were None,3
user_107,Gone Girl,3
user_214,Rebecca,4
user_2,Crime and Punishment,2
user_98,Gone Girl,2
user_147,Ender's Game,3
user_153,Beloved,4
user_115,The Girl with the Dragon Tattoo,3
user_291,A Brief History of Time,4
user_384,The Night Circus,4
user_306,The Night Circus,3
user_191,The Hobbit,5
user_2,Dune,4
user_289,"Thinking, Fast and Slow",4
user_285,Gone Girl,5
user_163,A Game of Thrones,4
user_159,The Fellowship of the Ring,4
user_0,The Great Gatsby,4
user_78,Beloved,4
user_123,The Midnight Library,2
user_260,The Great Gatsby,3
user_228,Where the Crawdads Sing,3
user_114,The Left Hand of Darkness,5
user_314,The Left Hand of Darkness,4
user_137,The Wright Brothers,5
user_88,Into Thin Air,4
user_365,The Name of the Wind,3
user_283,The Fellowship of the Ring,5
user_361,Dune,5
user_332,Mistborn,3
user_186,Neuromancer,3
user_107,War and Peace,3
user_190,The Immortal Life of Henrietta Lacks,3
user_30,The Wright Brothers,3
user_168,The Fellowship of the Ring,4
user_372,The Hound of the Baskervilles,3
user_119,Never Let Me Go,5
user_130,The Kite Runner,3
user_192,The Silence of the Lambs,4
user_34,Normal People,3
user_2,Great Expectations,2
user_390,Gone Girl,4
user_12,"Guns, Germs, and Steel",3
user_190,A Game of Thrones,5
user_360,Circe,5
user_285,Circe,5
user_80,Dune,4
user_320,Rebecca,3
user_330,Never Let Me Go,5
user_215,The Name of the Wind,3
user_323,The Girl with the Dragon Tattoo,4
user_308,The Hobbit,4
user_185,The Immortal Life of Henrietta Lacks,4
user_18,A Little Life,3
user_231,Mistborn,4
user_227,The Road,3
user_308,Pride and Prejudice,4
user_113,The Hobbit,5
user_152,The Midnight Library,4
user_305,The Left Hand of Darkness,5
user_342,The Road,4
user_237,And Then There Were None,2
user_385,The Kite Runner,4
user_231,The Night Circus,3
user_71,Dune,4
user_82,Pride and Prejudice,4
user_355,A Little Life,3
user_340,Dune,4
user_101,Sapiens,3
user_111,The Girl with the Dragon Tattoo,4
user_188,Beloved,4
user_284,Ender's Game,4
user_71,Crime and Punishment,2
user_176,The Wright Brothers,4
user_130,Wuthering Heights,4
user_363,In Cold Blood,4
user_175,Into Thin Air,2
user_258,Anna Karenina,5
user_170,Jane Eyre,5
user_216,A Game of Thrones,4
user_255,The Girl with the Dragon Tattoo,4
user_383,Sapiens,3
user_4,The Night Circus,4
user_140,Gone Girl,4
user_28,The Left Hand of Darkness,4
user_141,Ender's Game,4
user_190,Mistborn,4
user_269,A Little Life,3
user_337,Pride and Prejudice,4
user_166,Into Thin Air,3
user_250,The Night Circus,1
user_31,"Guns, Germs, and Steel",2
user_377,Mistborn,3
user_373,Great Expectations,3
user_116,A Little Life,3
user_310,The Silence of the Lambs,4
user_301,The Kite Runner,3
user_292,Rebecca,4
user_234,Mistborn,4
user_105,Never Let Me Go,3
user_203,The Immortal Life of Henrietta Lacks,4
user_78,War and Peace,3
user_72,Crime and Punishment,3
user_19,Never Let Me Go,5
user_64,The Hound of the Baskervilles,4
user_265,Great Expectations,2
user_347,Educated,4
user_114,Foundation,4
user_0,And Then There Were None,3
user_217,Anna Karenina,4
user_262,Sapiens,3
user_370,Never Let Me Go,5
user_269,Jane Eyre,3
user_356,Great Expectations,3
user_304,Mistborn,2
user_367,Pride and Prejudice,4
user_258,The Name of the Wind,2
user_279,"Guns, Germs, and Steel",2
user_183,Anna Karenina,4
user_217,Sapiens,3
user_384,And Then There Were None,3
user_291,Crime and Punishment,4
user_270,Mistborn,3
user_79,The Great Gatsby,3
